,Country,Date,Organism,cluster
DQ182595.1,China,2003,SARS_related,C6
DQ201447,,NA,outgroup,C1
DQ443743,China,NA,outgroup,C1
DQ811785,USA,NA,outgroup,C1
DQ811788,,NA,outgroup,C1
DQ811789,USA,1952,outgroup,C1
EF424621,USA,NA,outgroup,C2
EPI_ISL_402124,China,2019,SARS-CoV-2,C7
EPI_ISL_406534,China,2020,SARS-CoV-2,C7
EPI_ISL_410714,Singapore,2020,SARS-CoV-2,C7
EPI_ISL_412872,South Korea,2020,SARS-CoV-2,C7
EPI_ISL_413459,Japan,2020,SARS-CoV-2,C7
EPI_ISL_413594,Australia,2020,SARS-CoV-2,C7
EPI_ISL_413600,Australia,2020,SARS-CoV-2,C7
EPI_ISL_413867,China,2020,SARS-CoV-2,C7
EPI_ISL_413996,Switzerland,2020,SARS-CoV-2,C7
EPI_ISL_414600,France,2020,SARS-CoV-2,C7
EPI_ISL_415159,Belgium,2020,SARS-CoV-2,C7
EPI_ISL_415582,Canada,2020,SARS-CoV-2,C7
EPI_ISL_415646,Denmark,2020,SARS-CoV-2,C7
EPI_ISL_415654,France,2020,SARS-CoV-2,C7
EPI_ISL_416324,China,2020,SARS-CoV-2,C7
EPI_ISL_416392,China,2020,SARS-CoV-2,C7
EPI_ISL_416403,China,2020,SARS-CoV-2,C7
EPI_ISL_416404,China,2020,SARS-CoV-2,C7
EPI_ISL_416737,United Kingdom,2020,SARS-CoV-2,C7
EPI_ISL_417018,Belgium,2020,SARS-CoV-2,C7
EPI_ISL_417030,Australia,2020,SARS-CoV-2,C7
EPI_ISL_417222,United Kingdom,2020,SARS-CoV-2,C7
EPI_ISL_417229,United Kingdom,2020,SARS-CoV-2,C7
EPI_ISL_417301,United Kingdom,2020,SARS-CoV-2,C7
EPI_ISL_417425,Belgium,2020,SARS-CoV-2,C7
EPI_ISL_417532,Luxembourg,2020,SARS-CoV-2,C7
EPI_ISL_417552,Iceland,2020,SARS-CoV-2,C7
EPI_ISL_417577,Iceland,2020,SARS-CoV-2,C7
EPI_ISL_417822,Iceland,2020,SARS-CoV-2,C7
EPI_ISL_418017,Portugal,2020,SARS-CoV-2,C7
EPI_ISL_418121,United Kingdom,2020,SARS-CoV-2,C7
EPI_ISL_418125,United Kingdom,2020,SARS-CoV-2,C7
EPI_ISL_418130,United Kingdom,2020,SARS-CoV-2,C7
EPI_ISL_418183,Hungary,2020,SARS-CoV-2,C7
EPI_ISL_418246,Spain,2020,SARS-CoV-2,C7
EPI_ISL_418277,Switzerland,2020,SARS-CoV-2,C7
EPI_ISL_418374,Canada,2020,SARS-CoV-2,C7
EPI_ISL_418627,Belgium,2020,SARS-CoV-2,C7
EPI_ISL_418646,Belgium,2020,SARS-CoV-2,C7
EPI_ISL_418692,United Kingdom,2020,SARS-CoV-2,C7
EPI_ISL_418708,United Kingdom,2020,SARS-CoV-2,C7
EPI_ISL_418709,United Kingdom,2020,SARS-CoV-2,C7
EPI_ISL_418723,United Kingdom,2020,SARS-CoV-2,C7
EPI_ISL_418724,United Kingdom,2020,SARS-CoV-2,C7
EPI_ISL_418746,United Kingdom,2020,SARS-CoV-2,C7
EPI_ISL_418763,United Kingdom,2020,SARS-CoV-2,C7
EPI_ISL_418861,Spain,2020,SARS-CoV-2,C7
EPI_ISL_418990,China,2020,SARS-CoV-2,C7
EPI_ISL_419181,France,2020,SARS-CoV-2,C7
EPI_ISL_419265,Belgium,2020,SARS-CoV-2,C7
EPI_ISL_419449,United Kingdom,2020,SARS-CoV-2,C7
EPI_ISL_419487,United Kingdom,2020,SARS-CoV-2,C7
EPI_ISL_419505,United Kingdom,2020,SARS-CoV-2,C7
EPI_ISL_419546,Germany,2020,SARS-CoV-2,C7
EPI_ISL_419554,USA,2020,SARS-CoV-2,C7
EPI_ISL_419571,Luxembourg,2020,SARS-CoV-2,C7
EPI_ISL_419586,Luxembourg,2020,SARS-CoV-2,C7
EPI_ISL_419683,Spain,2020,SARS-CoV-2,C7
EPI_ISL_419741,Australia,2020,SARS-CoV-2,C7
EPI_ISL_419887,Australia,2020,SARS-CoV-2,C7
EPI_ISL_419909,Australia,2020,SARS-CoV-2,C7
EPI_ISL_419915,Australia,2020,SARS-CoV-2,C7
EPI_ISL_419947,Australia,2020,SARS-CoV-2,C7
EPI_ISL_419970,Australia,2020,SARS-CoV-2,C7
EPI_ISL_419988,Australia,2020,SARS-CoV-2,C7
EPI_ISL_419993,Australia,2020,SARS-CoV-2,C7
EPI_ISL_420082,Taiwan,2020,SARS-CoV-2,C7
EPI_ISL_420175,United Kingdom,2020,SARS-CoV-2,C7
EPI_ISL_420207,United Kingdom,2020,SARS-CoV-2,C7
EPI_ISL_420214,United Kingdom,2020,SARS-CoV-2,C7
EPI_ISL_420288,United Kingdom,2020,SARS-CoV-2,C7
EPI_ISL_420308,USA,2020,SARS-CoV-2,C7
EPI_ISL_420315,Belgium,2020,SARS-CoV-2,C7
EPI_ISL_420358,Belgium,2020,SARS-CoV-2,C7
EPI_ISL_420405,Belgium,2020,SARS-CoV-2,C7
EPI_ISL_420429,Belgium,2020,SARS-CoV-2,C7
EPI_ISL_420460,United Kingdom,2020,SARS-CoV-2,C7
EPI_ISL_420524,United Kingdom,2020,SARS-CoV-2,C7
EPI_ISL_420566,Italy,2020,SARS-CoV-2,C7
EPI_ISL_420575,USA,2020,SARS-CoV-2,C7
EPI_ISL_420649,United Kingdom,2020,SARS-CoV-2,C7
EPI_ISL_420652,United Kingdom,2020,SARS-CoV-2,C7
EPI_ISL_420714,United Kingdom,2020,SARS-CoV-2,C7
EPI_ISL_420846,Democratic Republic of the Congo,2020,SARS-CoV-2,C7
EPI_ISL_420905,Germany,2020,SARS-CoV-2,C7
EPI_ISL_420909,Germany,2020,SARS-CoV-2,C7
EPI_ISL_420944,United Kingdom,2020,SARS-CoV-2,C7
EPI_ISL_421227,China,2020,SARS-CoV-2,C7
EPI_ISL_421478,Portugal,2020,SARS-CoV-2,C7
EPI_ISL_421499,Portugal,2020,SARS-CoV-2,C7
EPI_ISL_421621,USA,2020,SARS-CoV-2,C7
EPI_ISL_421712,USA,2020,SARS-CoV-2,C7
EPI_ISL_421741,Luxembourg,2020,SARS-CoV-2,C7
EPI_ISL_421770,United Kingdom,2020,SARS-CoV-2,C7
EPI_ISL_421781,United Kingdom,2020,SARS-CoV-2,C7
EPI_ISL_421898,United Kingdom,2020,SARS-CoV-2,C7
EPI_ISL_421996,United Kingdom,2020,SARS-CoV-2,C7
EPI_ISL_422020,United Kingdom,2020,SARS-CoV-2,C7
EPI_ISL_422030,United Kingdom,2020,SARS-CoV-2,C7
EPI_ISL_422081,United Kingdom,2020,SARS-CoV-2,C7
EPI_ISL_422194,United Kingdom,2020,SARS-CoV-2,C7
EPI_ISL_422203,United Kingdom,2020,SARS-CoV-2,C7
EPI_ISL_422211,United Kingdom,2020,SARS-CoV-2,C7
EPI_ISL_422249,United Kingdom,2020,SARS-CoV-2,C7
EPI_ISL_422252,United Kingdom,2020,SARS-CoV-2,C7
EPI_ISL_422267,United Kingdom,2020,SARS-CoV-2,C7
EPI_ISL_422299,United Kingdom,2020,SARS-CoV-2,C7
EPI_ISL_422304,United Kingdom,2020,SARS-CoV-2,C7
EPI_ISL_422324,United Kingdom,2020,SARS-CoV-2,C7
EPI_ISL_422335,United Kingdom,2020,SARS-CoV-2,C7
EPI_ISL_422427,Kuwait,2020,SARS-CoV-2,C7
EPI_ISL_422528,USA,2020,SARS-CoV-2,C7
EPI_ISL_422537,USA,2020,SARS-CoV-2,C7
EPI_ISL_423152,United Kingdom,2020,SARS-CoV-2,C7
EPI_ISL_423166,United Kingdom,2020,SARS-CoV-2,C7
EPI_ISL_423175,United Kingdom,2020,SARS-CoV-2,C7
EPI_ISL_423209,United Kingdom,2020,SARS-CoV-2,C7
EPI_ISL_423279,United Kingdom,2020,SARS-CoV-2,C7
EPI_ISL_423311,United Kingdom,2020,SARS-CoV-2,C7
EPI_ISL_423324,United Kingdom,2020,SARS-CoV-2,C7
EPI_ISL_423383,United Kingdom,2020,SARS-CoV-2,C7
EPI_ISL_423480,United Kingdom,2020,SARS-CoV-2,C7
EPI_ISL_423506,United Kingdom,2020,SARS-CoV-2,C7
EPI_ISL_423536,United Kingdom,2020,SARS-CoV-2,C7
EPI_ISL_423563,United Kingdom,2020,SARS-CoV-2,C7
EPI_ISL_423566,United Kingdom,2020,SARS-CoV-2,C7
EPI_ISL_423584,United Kingdom,2020,SARS-CoV-2,C7
EPI_ISL_423590,United Kingdom,2020,SARS-CoV-2,C7
EPI_ISL_423595,United Kingdom,2020,SARS-CoV-2,C7
EPI_ISL_423654,United Kingdom,2020,SARS-CoV-2,C7
EPI_ISL_423767,United Kingdom,2020,SARS-CoV-2,C7
EPI_ISL_423787,United Kingdom,2020,SARS-CoV-2,C7
EPI_ISL_423796,United Kingdom,2020,SARS-CoV-2,C7
EPI_ISL_423819,United Kingdom,2020,SARS-CoV-2,C7
EPI_ISL_423860,United Kingdom,2020,SARS-CoV-2,C7
EPI_ISL_423935,United Kingdom,2020,SARS-CoV-2,C7
EPI_ISL_423947,United Kingdom,2020,SARS-CoV-2,C7
EPI_ISL_423950,United Kingdom,2020,SARS-CoV-2,C7
EPI_ISL_423951,United Kingdom,2020,SARS-CoV-2,C7
EPI_ISL_424020,United Kingdom,2020,SARS-CoV-2,C7
EPI_ISL_424026,United Kingdom,2020,SARS-CoV-2,C7
EPI_ISL_424040,United Kingdom,2020,SARS-CoV-2,C7
EPI_ISL_424093,United Kingdom,2020,SARS-CoV-2,C7
EPI_ISL_424382,Iceland,2020,SARS-CoV-2,C7
EPI_ISL_424396,Iceland,2020,SARS-CoV-2,C7
EPI_ISL_424420,Iceland,2020,SARS-CoV-2,C7
EPI_ISL_424434,Iceland,2020,SARS-CoV-2,C7
EPI_ISL_424450,Iceland,2020,SARS-CoV-2,C7
EPI_ISL_424522,Iceland,2020,SARS-CoV-2,C7
EPI_ISL_424559,Iceland,2020,SARS-CoV-2,C7
EPI_ISL_424891,USA,2020,SARS-CoV-2,C7
EPI_ISL_425191,Spain,2020,SARS-CoV-2,C7
EPI_ISL_425228,Czech Republic,2020,SARS-CoV-2,C7
EPI_ISL_425240,United Kingdom,2020,SARS-CoV-2,C7
EPI_ISL_425255,United Kingdom,2020,SARS-CoV-2,C7
EPI_ISL_425300,United Kingdom,2020,SARS-CoV-2,C7
EPI_ISL_425305,United Kingdom,2020,SARS-CoV-2,C7
EPI_ISL_425307,United Kingdom,2020,SARS-CoV-2,C7
EPI_ISL_425352,United Kingdom,2020,SARS-CoV-2,C7
EPI_ISL_425374,United Kingdom,2020,SARS-CoV-2,C7
EPI_ISL_425381,United Kingdom,2020,SARS-CoV-2,C7
EPI_ISL_425395,United Kingdom,2020,SARS-CoV-2,C7
EPI_ISL_425402,United Kingdom,2020,SARS-CoV-2,C7
EPI_ISL_425431,United Kingdom,2020,SARS-CoV-2,C7
EPI_ISL_425504,United Kingdom,2020,SARS-CoV-2,C7
EPI_ISL_425564,United Kingdom,2020,SARS-CoV-2,C7
EPI_ISL_425577,United Kingdom,2020,SARS-CoV-2,C7
EPI_ISL_425604,United Kingdom,2020,SARS-CoV-2,C7
EPI_ISL_426027,USA,2020,SARS-CoV-2,C7
EPI_ISL_426173,South Korea,2020,SARS-CoV-2,C7
EPI_ISL_426364,Mexico,2020,SARS-CoV-2,C7
EPI_ISL_426729,Australia,2020,SARS-CoV-2,C7
EPI_ISL_426768,Australia,2020,SARS-CoV-2,C7
EPI_ISL_426770,Australia,2020,SARS-CoV-2,C7
EPI_ISL_426781,Australia,2020,SARS-CoV-2,C7
EPI_ISL_426793,Australia,2020,SARS-CoV-2,C7
EPI_ISL_426807,Australia,2020,SARS-CoV-2,C7
EPI_ISL_426834,Australia,2020,SARS-CoV-2,C7
EPI_ISL_426848,Australia,2020,SARS-CoV-2,C7
EPI_ISL_426866,Australia,2020,SARS-CoV-2,C7
EPI_ISL_427004,Australia,2020,SARS-CoV-2,C7
EPI_ISL_427059,Australia,2020,SARS-CoV-2,C7
EPI_ISL_427105,Australia,2020,SARS-CoV-2,C7
EPI_ISL_427109,Australia,2020,SARS-CoV-2,C7
EPI_ISL_427147,Australia,2020,SARS-CoV-2,C7
EPI_ISL_427149,Australia,2020,SARS-CoV-2,C7
EPI_ISL_427329,Russia,2020,SARS-CoV-2,C7
EPI_ISL_427514,USA,2020,SARS-CoV-2,C7
EPI_ISL_428461,China,2020,SARS-CoV-2,C7
EPI_ISL_428762,USA,2020,SARS-CoV-2,C7
EPI_ISL_428882,Russia,2020,SARS-CoV-2,C7
EPI_ISL_429094,China,2020,SARS-CoV-2,C7
EPI_ISL_429730,Luxembourg,2020,SARS-CoV-2,C7
EPI_ISL_429733,Luxembourg,2020,SARS-CoV-2,C7
EPI_ISL_429787,Luxembourg,2020,SARS-CoV-2,C7
EPI_ISL_430340,USA,2020,SARS-CoV-2,C7
EPI_ISL_430343,USA,2020,SARS-CoV-2,C7
EPI_ISL_430346,USA,2020,SARS-CoV-2,C7
EPI_ISL_430399,USA,2020,SARS-CoV-2,C7
EPI_ISL_430423,USA,2020,SARS-CoV-2,C7
EPI_ISL_430489,Australia,2020,SARS-CoV-2,C7
EPI_ISL_430527,Australia,2020,SARS-CoV-2,C7
EPI_ISL_430561,Australia,2020,SARS-CoV-2,C7
EPI_ISL_430606,Australia,2020,SARS-CoV-2,C7
EPI_ISL_430709,Australia,2020,SARS-CoV-2,C7
EPI_ISL_430860,Sweden,2020,SARS-CoV-2,C7
EPI_ISL_431103,India,2020,SARS-CoV-2,C7
EPI_ISL_434383,Belgium,2020,SARS-CoV-2,C7
EPI_ISL_434493,Luxembourg,2020,SARS-CoV-2,C7
EPI_ISL_434514,Luxembourg,2020,SARS-CoV-2,C7
EPI_ISL_434667,Sweden,2020,SARS-CoV-2,C7
EPI_ISL_435036,USA,2020,SARS-CoV-2,C7
EPI_ISL_435039,USA,2020,SARS-CoV-2,C7
EPI_ISL_435065,India,2020,SARS-CoV-2,C7
EPI_ISL_435423,Hungary,2020,SARS-CoV-2,C7
EPI_ISL_435697,Singapore,2020,SARS-CoV-2,C7
EPI_ISL_435722,USA,2020,SARS-CoV-2,C7
EPI_ISL_436234,Spain,2020,SARS-CoV-2,C7
EPI_ISL_436239,Spain,2020,SARS-CoV-2,C7
EPI_ISL_436271,Spain,2020,SARS-CoV-2,C7
EPI_ISL_436313,Spain,2020,SARS-CoV-2,C7
EPI_ISL_436324,Spain,2020,SARS-CoV-2,C7
EPI_ISL_436404,Spain,2020,SARS-CoV-2,C7
EPI_ISL_436454,India,2020,SARS-CoV-2,C7
EPI_ISL_437268,Germany,2020,SARS-CoV-2,C7
EPI_ISL_437295,Germany,2020,SARS-CoV-2,C7
EPI_ISL_437323,Turkey,2020,SARS-CoV-2,C7
EPI_ISL_437354,Democratic Republic of the Congo,2020,SARS-CoV-2,C7
EPI_ISL_437455,USA,2020,SARS-CoV-2,C7
EPI_ISL_437528,USA,2020,SARS-CoV-2,C7
EPI_ISL_437920,Austria,2020,SARS-CoV-2,C7
EPI_ISL_437957,Austria,2020,SARS-CoV-2,C7
EPI_ISL_437994,Austria,2020,SARS-CoV-2,C7
EPI_ISL_438034,Austria,2020,SARS-CoV-2,C7
EPI_ISL_438044,Austria,2020,SARS-CoV-2,C7
EPI_ISL_438077,Austria,2020,SARS-CoV-2,C7
EPI_ISL_438117,Austria,2020,SARS-CoV-2,C7
EPI_ISL_443244,Singapore,2020,SARS-CoV-2,C7
EPI_ISL_444472,India,2020,SARS-CoV-2,C7
EPI_ISL_444552,USA,2020,SARS-CoV-2,C7
EPI_ISL_444568,USA,2020,SARS-CoV-2,C7
EPI_ISL_444603,USA,2020,SARS-CoV-2,C7
EPI_ISL_444694,USA,2020,SARS-CoV-2,C7
EPI_ISL_444719,USA,2020,SARS-CoV-2,C7
EPI_ISL_444745,USA,2020,SARS-CoV-2,C7
EPI_ISL_444789,USA,2020,SARS-CoV-2,C7
EPI_ISL_445064,Luxembourg,2020,SARS-CoV-2,C7
EPI_ISL_445231,Sweden,2020,SARS-CoV-2,C7
EPI_ISL_445270,Chile,2020,SARS-CoV-2,C7
EPI_ISL_445277,Chile,2020,SARS-CoV-2,C7
EPI_ISL_445286,Chile,2020,SARS-CoV-2,C7
EPI_ISL_445326,Chile,2020,SARS-CoV-2,C7
EPI_ISL_445332,Chile,2020,SARS-CoV-2,C7
EPI_ISL_445345,Chile,2020,SARS-CoV-2,C7
EPI_ISL_447276,Israel,2020,SARS-CoV-2,C7
EPI_ISL_447306,Israel,2020,SARS-CoV-2,C7
EPI_ISL_447319,Israel,2020,SARS-CoV-2,C7
EPI_ISL_447384,Israel,2020,SARS-CoV-2,C7
EPI_ISL_447388,Israel,2020,SARS-CoV-2,C7
EPI_ISL_447395,Israel,2020,SARS-CoV-2,C7
EPI_ISL_447444,Israel,2020,SARS-CoV-2,C7
EPI_ISL_447453,Israel,2020,SARS-CoV-2,C7
EPI_ISL_447456,Israel,2020,SARS-CoV-2,C7
EPI_ISL_447530,Spain,2020,SARS-CoV-2,C7
EPI_ISL_447537,India,2020,SARS-CoV-2,C7
EPI_ISL_447547,India,2020,SARS-CoV-2,C7
EPI_ISL_447582,India,2020,SARS-CoV-2,C7
EPI_ISL_447597,Democratic Republic of the Congo,2020,SARS-CoV-2,C7
EPI_ISL_447607,Democratic Republic of the Congo,2020,SARS-CoV-2,C7
EPI_ISL_447806,Colombia,2020,SARS-CoV-2,C7
EPI_ISL_450041,USA,2020,SARS-CoV-2,C7
EPI_ISL_450051,USA,2020,SARS-CoV-2,C7
EPI_ISL_450068,USA,2020,SARS-CoV-2,C7
EPI_ISL_450091,USA,2020,SARS-CoV-2,C7
EPI_ISL_450131,USA,2020,SARS-CoV-2,C7
EPI_ISL_450236,USA,2020,SARS-CoV-2,C7
EPI_ISL_450736,Belgium,2020,SARS-CoV-2,C7
EPI_ISL_451210,USA,2020,SARS-CoV-2,C7
EPI_ISL_451235,USA,2020,SARS-CoV-2,C7
EPI_ISL_451246,USA,2020,SARS-CoV-2,C7
EPI_ISL_451273,USA,2020,SARS-CoV-2,C7
EPI_ISL_451323,China,2020,SARS-CoV-2,C7
EPI_ISL_451326,China,2020,SARS-CoV-2,C7
EPI_ISL_451331,China,2020,SARS-CoV-2,C7
EPI_ISL_451362,China,2020,SARS-CoV-2,C7
EPI_ISL_451446,USA,2020,SARS-CoV-2,C7
EPI_ISL_451475,USA,2020,SARS-CoV-2,C7
EPI_ISL_452186,Italy,2020,SARS-CoV-2,C7
EPI_ISL_452347,China,2020,SARS-CoV-2,C7
EPI_ISL_452421,Spain,2020,SARS-CoV-2,C7
EPI_ISL_452622,Spain,2020,SARS-CoV-2,C7
EPI_ISL_452703,Spain,2020,SARS-CoV-2,C7
EPI_ISL_452706,Spain,2020,SARS-CoV-2,C7
EPI_ISL_452719,Spain,2020,SARS-CoV-2,C7
EPI_ISL_452735,Spain,2020,SARS-CoV-2,C7
EPI_ISL_454461,Sweden,2020,SARS-CoV-2,C7
EPI_ISL_454544,India,2020,SARS-CoV-2,C7
EPI_ISL_454547,India,2020,SARS-CoV-2,C7
EPI_ISL_454604,Kazakhstan,2020,SARS-CoV-2,C7
EPI_ISL_454760,Netherlands,2020,SARS-CoV-2,C7
EPI_ISL_454780,Netherlands,2020,SARS-CoV-2,C7
EPI_ISL_454869,Sweden,2020,SARS-CoV-2,C7
EPI_ISL_454883,Sweden,2020,SARS-CoV-2,C7
EPI_ISL_455317,Spain,2020,SARS-CoV-2,C7
EPI_ISL_455419,Nigeria,2020,SARS-CoV-2,C7
EPI_ISL_455606,Thailand,2020,SARS-CoV-2,C7
EPI_ISL_455649,India,2020,SARS-CoV-2,C7
EPI_ISL_455669,India,2020,SARS-CoV-2,C7
EPI_ISL_455734,Spain,2020,SARS-CoV-2,C7
EPI_ISL_455770,India,2020,SARS-CoV-2,C7
EPI_ISL_455898,Sweden,2020,SARS-CoV-2,C7
EPI_ISL_456025,USA,2020,SARS-CoV-2,C7
EPI_ISL_456037,USA,2020,SARS-CoV-2,C7
EPI_ISL_456058,USA,2020,SARS-CoV-2,C7
EPI_ISL_456096,Brazil,2020,SARS-CoV-2,C7
EPI_ISL_456111,USA,2020,SARS-CoV-2,C7
EPI_ISL_456127,Colombia,2020,SARS-CoV-2,C7
EPI_ISL_456429,Australia,2020,SARS-CoV-2,C7
EPI_ISL_456465,Australia,2020,SARS-CoV-2,C7
EPI_ISL_456477,Australia,2020,SARS-CoV-2,C7
EPI_ISL_456573,Australia,2020,SARS-CoV-2,C7
EPI_ISL_456601,Timor-Leste,2020,SARS-CoV-2,C7
EPI_ISL_456607,Timor-Leste,2020,SARS-CoV-2,C7
EPI_ISL_456647,Australia,2020,SARS-CoV-2,C7
EPI_ISL_457757,USA,2020,SARS-CoV-2,C7
EPI_ISL_457789,USA,2020,SARS-CoV-2,C7
EPI_ISL_457812,USA,2020,SARS-CoV-2,C7
EPI_ISL_457937,Oman,2020,SARS-CoV-2,C7
EPI_ISL_457956,Uruguay,2020,SARS-CoV-2,C7
EPI_ISL_457992,Oman,2020,SARS-CoV-2,C7
EPI_ISL_458050,India,2020,SARS-CoV-2,C7
EPI_ISL_458066,India,2020,SARS-CoV-2,C7
EPI_ISL_458074,India,2020,SARS-CoV-2,C7
EPI_ISL_458141,Brazil,2020,SARS-CoV-2,C7
EPI_ISL_458181,Belgium,2020,SARS-CoV-2,C7
EPI_ISL_461498,India,2020,SARS-CoV-2,C7
EPI_ISL_461506,India,2020,SARS-CoV-2,C7
EPI_ISL_462085,Singapore,2020,SARS-CoV-2,C7
EPI_ISL_462204,Belgium,2020,SARS-CoV-2,C7
EPI_ISL_462218,Belgium,2020,SARS-CoV-2,C7
EPI_ISL_462241,Belgium,2020,SARS-CoV-2,C7
EPI_ISL_462264,Belgium,2020,SARS-CoV-2,C7
EPI_ISL_462265,Belgium,2020,SARS-CoV-2,C7
EPI_ISL_462313,Singapore,2020,SARS-CoV-2,C7
EPI_ISL_462363,Singapore,2020,SARS-CoV-2,C7
EPI_ISL_462377,Singapore,2020,SARS-CoV-2,C7
EPI_ISL_462394,Singapore,2020,SARS-CoV-2,C7
EPI_ISL_462396,Singapore,2020,SARS-CoV-2,C7
EPI_ISL_463007,Taiwan,2020,SARS-CoV-2,C7
EPI_ISL_463032,India,2020,SARS-CoV-2,C7
EPI_ISL_463035,India,2020,SARS-CoV-2,C7
EPI_ISL_463036,India,2020,SARS-CoV-2,C7
EPI_ISL_463071,India,2020,SARS-CoV-2,C7
EPI_ISL_464066,Belgium,2020,SARS-CoV-2,C7
EPI_ISL_464086,Belgium,2020,SARS-CoV-2,C7
EPI_ISL_464135,South Africa,2020,SARS-CoV-2,C7
EPI_ISL_464236,United Kingdom,2020,SARS-CoV-2,C7
EPI_ISL_464253,United Kingdom,2020,SARS-CoV-2,C7
EPI_ISL_464285,United Kingdom,2020,SARS-CoV-2,C7
EPI_ISL_464293,United Kingdom,2020,SARS-CoV-2,C7
EPI_ISL_464322,United Kingdom,2020,SARS-CoV-2,C7
EPI_ISL_464389,United Kingdom,2020,SARS-CoV-2,C7
EPI_ISL_464393,United Kingdom,2020,SARS-CoV-2,C7
EPI_ISL_464531,United Kingdom,2020,SARS-CoV-2,C7
EPI_ISL_464606,United Kingdom,2020,SARS-CoV-2,C7
EPI_ISL_464672,United Kingdom,2020,SARS-CoV-2,C7
EPI_ISL_464768,United Kingdom,2020,SARS-CoV-2,C7
EPI_ISL_464792,United Kingdom,2020,SARS-CoV-2,C7
EPI_ISL_464797,United Kingdom,2020,SARS-CoV-2,C7
EPI_ISL_464851,United Kingdom,2020,SARS-CoV-2,C7
EPI_ISL_464861,United Kingdom,2020,SARS-CoV-2,C7
EPI_ISL_464889,United Kingdom,2020,SARS-CoV-2,C7
EPI_ISL_464911,United Kingdom,2020,SARS-CoV-2,C7
EPI_ISL_464916,United Kingdom,2020,SARS-CoV-2,C7
EPI_ISL_464921,United Kingdom,2020,SARS-CoV-2,C7
EPI_ISL_464948,United Kingdom,2020,SARS-CoV-2,C7
EPI_ISL_464959,United Kingdom,2020,SARS-CoV-2,C7
EPI_ISL_464992,United Kingdom,2020,SARS-CoV-2,C7
EPI_ISL_465051,United Kingdom,2020,SARS-CoV-2,C7
EPI_ISL_465053,United Kingdom,2020,SARS-CoV-2,C7
EPI_ISL_465084,United Kingdom,2020,SARS-CoV-2,C7
EPI_ISL_465170,United Kingdom,2020,SARS-CoV-2,C7
EPI_ISL_465192,United Kingdom,2020,SARS-CoV-2,C7
EPI_ISL_465270,United Kingdom,2020,SARS-CoV-2,C7
EPI_ISL_465271,United Kingdom,2020,SARS-CoV-2,C7
EPI_ISL_465281,United Kingdom,2020,SARS-CoV-2,C7
EPI_ISL_465350,United Kingdom,2020,SARS-CoV-2,C7
EPI_ISL_465371,United Kingdom,2020,SARS-CoV-2,C7
EPI_ISL_465373,United Kingdom,2020,SARS-CoV-2,C7
EPI_ISL_465398,United Kingdom,2020,SARS-CoV-2,C7
EPI_ISL_465505,United Kingdom,2020,SARS-CoV-2,C7
EPI_ISL_465511,United Kingdom,2020,SARS-CoV-2,C7
EPI_ISL_465534,United Kingdom,2020,SARS-CoV-2,C7
EPI_ISL_465553,United Kingdom,2020,SARS-CoV-2,C7
EPI_ISL_465620,United Kingdom,2020,SARS-CoV-2,C7
EPI_ISL_465622,United Kingdom,2020,SARS-CoV-2,C7
EPI_ISL_465733,United Kingdom,2020,SARS-CoV-2,C7
EPI_ISL_465768,United Kingdom,2020,SARS-CoV-2,C7
EPI_ISL_465853,United Kingdom,2020,SARS-CoV-2,C7
EPI_ISL_465872,United Kingdom,2020,SARS-CoV-2,C7
EPI_ISL_465873,United Kingdom,2020,SARS-CoV-2,C7
EPI_ISL_465911,United Kingdom,2020,SARS-CoV-2,C7
EPI_ISL_466014,United Kingdom,2020,SARS-CoV-2,C7
EPI_ISL_466040,United Kingdom,2020,SARS-CoV-2,C7
EPI_ISL_466048,United Kingdom,2020,SARS-CoV-2,C7
EPI_ISL_466080,United Kingdom,2020,SARS-CoV-2,C7
EPI_ISL_466143,United Kingdom,2020,SARS-CoV-2,C7
EPI_ISL_466152,United Kingdom,2020,SARS-CoV-2,C7
EPI_ISL_466192,United Kingdom,2020,SARS-CoV-2,C7
EPI_ISL_466355,United Kingdom,2020,SARS-CoV-2,C7
EPI_ISL_466399,United Kingdom,2020,SARS-CoV-2,C7
EPI_ISL_466413,United Kingdom,2020,SARS-CoV-2,C7
EPI_ISL_467043,India,2020,SARS-CoV-2,C7
EPI_ISL_467100,Spain,2020,SARS-CoV-2,C7
EPI_ISL_467124,Spain,2020,SARS-CoV-2,C7
EPI_ISL_467141,Spain,2020,SARS-CoV-2,C7
EPI_ISL_467197,Spain,2020,SARS-CoV-2,C7
EPI_ISL_467211,Spain,2020,SARS-CoV-2,C7
EPI_ISL_467274,Spain,2020,SARS-CoV-2,C7
EPI_ISL_467355,Brazil,2020,SARS-CoV-2,C7
EPI_ISL_467397,USA,2020,SARS-CoV-2,C7
EPI_ISL_467398,USA,2020,SARS-CoV-2,C7
EPI_ISL_467443,South Africa,2020,SARS-CoV-2,C7
EPI_ISL_467524,South Africa,2020,SARS-CoV-2,C7
EPI_ISL_467822,USA,2020,SARS-CoV-2,C7
EPI_ISL_467841,USA,2020,SARS-CoV-2,C7
EPI_ISL_467892,USA,2020,SARS-CoV-2,C7
EPI_ISL_467894,USA,2020,SARS-CoV-2,C7
EPI_ISL_467898,USA,2020,SARS-CoV-2,C7
EPI_ISL_467920,USA,2020,SARS-CoV-2,C7
EPI_ISL_467923,USA,2020,SARS-CoV-2,C7
EPI_ISL_468084,USA,2020,SARS-CoV-2,C7
EPI_ISL_468117,USA,2020,SARS-CoV-2,C7
EPI_ISL_468588,USA,2020,SARS-CoV-2,C7
EPI_ISL_468803,Spain,2020,SARS-CoV-2,C7
EPI_ISL_468859,Spain,2020,SARS-CoV-2,C7
EPI_ISL_468922,Spain,2020,SARS-CoV-2,C7
EPI_ISL_469026,India,2020,SARS-CoV-2,C7
EPI_ISL_469146,Singapore,2020,SARS-CoV-2,C7
EPI_ISL_470604,Brazil,2020,SARS-CoV-2,C7
EPI_ISL_470618,Brazil,2020,SARS-CoV-2,C7
EPI_ISL_471418,Romania,2020,SARS-CoV-2,C7
EPI_ISL_471423,Romania,2020,SARS-CoV-2,C7
EPI_ISL_471510,United Kingdom,2020,SARS-CoV-2,C7
EPI_ISL_471606,India,2020,SARS-CoV-2,C7
EPI_ISL_471622,India,2020,SARS-CoV-2,C7
EPI_ISL_471623,India,2020,SARS-CoV-2,C7
EPI_ISL_474804,Spain,2020,SARS-CoV-2,C7
EPI_ISL_474811,Spain,2020,SARS-CoV-2,C7
EPI_ISL_474819,Spain,2020,SARS-CoV-2,C7
EPI_ISL_474866,Spain,2020,SARS-CoV-2,C7
EPI_ISL_474875,Spain,2020,SARS-CoV-2,C7
EPI_ISL_474894,Spain,2020,SARS-CoV-2,C7
EPI_ISL_474935,Spain,2020,SARS-CoV-2,C7
EPI_ISL_474965,Israel,2020,SARS-CoV-2,C7
EPI_ISL_474984,Israel,2020,SARS-CoV-2,C7
EPI_ISL_475023,Israel,2020,SARS-CoV-2,C7
EPI_ISL_475083,Bangladesh,2020,SARS-CoV-2,C7
EPI_ISL_475119,Sweden,2020,SARS-CoV-2,C7
EPI_ISL_475548,Sweden,2020,SARS-CoV-2,C7
EPI_ISL_475656,USA,2020,SARS-CoV-2,C7
EPI_ISL_475669,USA,2020,SARS-CoV-2,C7
EPI_ISL_475679,USA,2020,SARS-CoV-2,C7
EPI_ISL_475682,USA,2020,SARS-CoV-2,C7
EPI_ISL_475779,Austria,2020,SARS-CoV-2,C7
EPI_ISL_475887,Austria,2020,SARS-CoV-2,C7
EPI_ISL_475901,Austria,2020,SARS-CoV-2,C7
EPI_ISL_475912,Austria,2020,SARS-CoV-2,C7
EPI_ISL_475923,Austria,2020,SARS-CoV-2,C7
EPI_ISL_475938,Singapore,2020,SARS-CoV-2,C7
EPI_ISL_475966,Singapore,2020,SARS-CoV-2,C7
EPI_ISL_476966,Belgium,2020,SARS-CoV-2,C7
EPI_ISL_476991,Belgium,2020,SARS-CoV-2,C7
EPI_ISL_477156,Senegal,2020,SARS-CoV-2,C7
EPI_ISL_477193,Italy,2020,SARS-CoV-2,C7
EPI_ISL_477199,Italy,2020,SARS-CoV-2,C7
EPI_ISL_479556,India,2020,SARS-CoV-2,C7
EPI_ISL_479761,USA,2020,SARS-CoV-2,C7
EPI_ISL_480244,Turkey,2020,SARS-CoV-2,C7
EPI_ISL_480278,Turkey,2020,SARS-CoV-2,C7
EPI_ISL_480289,Turkey,2020,SARS-CoV-2,C7
EPI_ISL_480560,Australia,2020,SARS-CoV-2,C7
EPI_ISL_480659,Australia,2020,SARS-CoV-2,C7
EPI_ISL_480661,Australia,2020,SARS-CoV-2,C7
EPI_ISL_480687,Australia,2020,SARS-CoV-2,C7
EPI_ISL_480700,Australia,2020,SARS-CoV-2,C7
EPI_ISL_481000,Spain,2020,SARS-CoV-2,C7
EPI_ISL_481062,Spain,2020,SARS-CoV-2,C7
EPI_ISL_481116,India,2020,SARS-CoV-2,C7
EPI_ISL_481120,India,2020,SARS-CoV-2,C7
EPI_ISL_481198,India,2020,SARS-CoV-2,C7
EPI_ISL_481379,South Korea,2020,SARS-CoV-2,C7
EPI_ISL_481519,Finland,2020,SARS-CoV-2,C7
EPI_ISL_481557,Finland,2020,SARS-CoV-2,C7
EPI_ISL_481561,Finland,2020,SARS-CoV-2,C7
EPI_ISL_481562,Finland,2020,SARS-CoV-2,C7
EPI_ISL_481617,Finland,2020,SARS-CoV-2,C7
EPI_ISL_481654,Finland,2020,SARS-CoV-2,C7
EPI_ISL_481658,Finland,2020,SARS-CoV-2,C7
EPI_ISL_481661,Finland,2020,SARS-CoV-2,C7
EPI_ISL_481675,Finland,2020,SARS-CoV-2,C7
EPI_ISL_481733,Finland,2020,SARS-CoV-2,C7
EPI_ISL_482520,India,2020,SARS-CoV-2,C7
EPI_ISL_482596,India,2020,SARS-CoV-2,C7
EPI_ISL_482667,India,2020,SARS-CoV-2,C7
EPI_ISL_482774,Egypt,2020,SARS-CoV-2,C7
EPI_ISL_482867,South Africa,2020,SARS-CoV-2,C7
EPI_ISL_483142,Germany,2020,SARS-CoV-2,C7
EPI_ISL_483641,Bangladesh,2020,SARS-CoV-2,C7
EPI_ISL_483703,Bangladesh,2020,SARS-CoV-2,C7
EPI_ISL_483858,India,2020,SARS-CoV-2,C7
EPI_ISL_486408,India,2020,SARS-CoV-2,C7
EPI_ISL_486817,Russia,2020,SARS-CoV-2,C7
EPI_ISL_487310,South Africa,2020,SARS-CoV-2,C7
EPI_ISL_487451,Mali,2020,SARS-CoV-2,C7
EPI_ISL_487460,Mali,2020,SARS-CoV-2,C7
EPI_ISL_489989,Peru,2020,SARS-CoV-2,C7
EPI_ISL_490059,Singapore,2020,SARS-CoV-2,C7
EPI_ISL_490263,South Africa,2020,SARS-CoV-2,C7
EPI_ISL_490302,South Africa,2020,SARS-CoV-2,C7
EPI_ISL_491062,Romania,2020,SARS-CoV-2,C7
EPI_ISL_491157,Oman,2020,SARS-CoV-2,C7
EPI_ISL_491431,Peru,2020,SARS-CoV-2,C7
EPI_ISL_491435,Peru,2020,SARS-CoV-2,C7
EPI_ISL_491907,USA,2020,SARS-CoV-2,C7
EPI_ISL_491941,Ecuador,2020,SARS-CoV-2,C7
EPI_ISL_492002,Oman,2020,SARS-CoV-2,C7
EPI_ISL_492019,Oman,2020,SARS-CoV-2,C7
EPI_ISL_492039,Brazil,2020,SARS-CoV-2,C7
EPI_ISL_493150,China,2020,SARS-CoV-2,C7
EPI_ISL_493197,Italy,2020,SARS-CoV-2,C7
EPI_ISL_493213,Italy,2020,SARS-CoV-2,C7
EPI_ISL_494529,USA,2020,SARS-CoV-2,C7
EPI_ISL_495027,India,2020,SARS-CoV-2,C7
EPI_ISL_495041,India,2020,SARS-CoV-2,C7
EPI_ISL_495048,India,2020,SARS-CoV-2,C7
EPI_ISL_495212,India,2020,SARS-CoV-2,C7
EPI_ISL_495213,India,2020,SARS-CoV-2,C7
EPI_ISL_495218,India,2020,SARS-CoV-2,C7
EPI_ISL_495254,India,2020,SARS-CoV-2,C7
EPI_ISL_495263,India,2020,SARS-CoV-2,C7
EPI_ISL_495292,India,2020,SARS-CoV-2,C7
EPI_ISL_495424,Turkey,2020,SARS-CoV-2,C7
EPI_ISL_495541,South Africa,2020,SARS-CoV-2,C7
EPI_ISL_496499,Democratic Republic of the Congo,2020,SARS-CoV-2,C7
EPI_ISL_496503,Democratic Republic of the Congo,2020,SARS-CoV-2,C7
EPI_ISL_496526,India,2020,SARS-CoV-2,C7
EPI_ISL_496532,India,2020,SARS-CoV-2,C7
EPI_ISL_496536,India,2020,SARS-CoV-2,C7
EPI_ISL_496585,India,2020,SARS-CoV-2,C7
EPI_ISL_496609,Panama,2020,SARS-CoV-2,C7
EPI_ISL_496654,Panama,2020,SARS-CoV-2,C7
EPI_ISL_496688,Panama,2020,SARS-CoV-2,C7
EPI_ISL_496751,Panama,2020,SARS-CoV-2,C7
EPI_ISL_497979,South Korea,2020,SARS-CoV-2,C7
EPI_ISL_498090,South Africa,2020,SARS-CoV-2,C7
EPI_ISL_498112,South Africa,2020,SARS-CoV-2,C7
EPI_ISL_498166,Colombia,2020,SARS-CoV-2,C7
EPI_ISL_498232,Senegal,2020,SARS-CoV-2,C7
EPI_ISL_498579,Singapore,2020,SARS-CoV-2,C7
EPI_ISL_498594,Singapore,2020,SARS-CoV-2,C7
EPI_ISL_498601,Singapore,2020,SARS-CoV-2,C7
EPI_ISL_498608,Singapore,2020,SARS-CoV-2,C7
EPI_ISL_498785,Bangladesh,2020,SARS-CoV-2,C7
EPI_ISL_498933,Bangladesh,2020,SARS-CoV-2,C7
EPI_ISL_500311,Spain,2020,SARS-CoV-2,C7
EPI_ISL_500333,Spain,2020,SARS-CoV-2,C7
EPI_ISL_500337,Spain,2020,SARS-CoV-2,C7
EPI_ISL_500355,Spain,2020,SARS-CoV-2,C7
EPI_ISL_500367,Spain,2020,SARS-CoV-2,C7
EPI_ISL_500405,Spain,2020,SARS-CoV-2,C7
EPI_ISL_500431,Spain,2020,SARS-CoV-2,C7
EPI_ISL_500454,Spain,2020,SARS-CoV-2,C7
EPI_ISL_500624,Australia,2020,SARS-CoV-2,C7
EPI_ISL_500642,Australia,2020,SARS-CoV-2,C7
EPI_ISL_500670,Australia,2020,SARS-CoV-2,C7
EPI_ISL_501192,Malaysia,2020,SARS-CoV-2,C7
EPI_ISL_501215,Malaysia,2020,SARS-CoV-2,C7
EPI_ISL_501217,Malaysia,2020,SARS-CoV-2,C7
EPI_ISL_506955,South Korea,2020,SARS-CoV-2,C7
EU074218,China,NA,outgroup,C1
FJ588686.1,China,2006,SARS_related,C6
FJ755618,China,1973,outgroup,C1
FJ882926.1,USA,2007,SARS_related,C6
FJ882927.1,USA,2007,SARS_related,C6
FJ882928.1,USA,2007,SARS_related,C6
FJ882929.1,USA,2008,SARS_related,C6
FJ882930.1,USA,2007,SARS_related,C6
FJ882931.1,USA,2008,SARS_related,C6
FJ882932.1,USA,2008,SARS_related,C6
FJ882933.1,USA,2008,SARS_related,C6
FJ882934.1,USA,2008,SARS_related,C6
FJ882935.1,USA,2008,SARS_related,C6
FJ882936.1,USA,2008,SARS_related,C6
FJ882937.1,USA,2008,SARS_related,C6
FJ882938.1,USA,2007,SARS_related,C6
FJ882939.1,USA,2008,SARS_related,C6
FJ882940.1,USA,2008,SARS_related,C6
FJ882941.1,USA,2008,SARS_related,C6
FJ882942.1,USA,2008,SARS_related,C6
FJ882943.1,USA,2008,SARS_related,C6
FJ882944.1,USA,2008,SARS_related,C6
FJ882945.1,USA,2008,SARS_related,C6
FJ882946.1,USA,2008,SARS_related,C6
FJ882947.1,USA,2008,SARS_related,C6
FJ882948.1,USA,2008,SARS_related,C6
FJ882949.1,USA,2008,SARS_related,C6
FJ882950.1,USA,2008,SARS_related,C6
FJ882951.1,USA,2008,SARS_related,C6
FJ882952.1,USA,2008,SARS_related,C6
FJ882953.1,USA,2008,SARS_related,C6
FJ882954.1,USA,2008,SARS_related,C6
FJ882955.1,USA,2008,SARS_related,C6
FJ882956.1,USA,2008,SARS_related,C6
FJ882957.1,USA,2008,SARS_related,C6
FJ882958.1,USA,2008,SARS_related,C6
FJ882959.1,USA,2008,SARS_related,C6
FJ882960.1,USA,2008,SARS_related,C6
FJ882961.1,USA,2008,SARS_related,C6
FJ882962.1,USA,2008,SARS_related,C6
FJ882963.1,USA,2004,SARS_related,C6
GU553363.1,China,2003,SARS_related,C6
GU553364.1,China,2003,SARS_related,C6
GU553365.1,USA,2007,SARS_related,C6
HM776941,China,2009,outgroup,C1
HQ462571,China,NA,outgroup,C1
HQ890526.1,USA,2008,SARS_related,C6
HQ890527.1,USA,2008,SARS_related,C6
HQ890528.1,USA,2008,SARS_related,C6
HQ890529.1,USA,2008,SARS_related,C6
HQ890530.1,USA,2008,SARS_related,C6
HQ890531.1,USA,2008,SARS_related,C6
HQ890532.1,USA,2008,SARS_related,C6
HQ890533.1,USA,2008,SARS_related,C6
HQ890534.1,USA,2008,SARS_related,C6
HQ890535.1,USA,2008,SARS_related,C6
HQ890536.1,USA,2008,SARS_related,C6
HQ890537.1,USA,2008,SARS_related,C6
HQ890538.1,USA,2008,SARS_related,C6
HQ890539.1,USA,2008,SARS_related,C6
HQ890540.1,USA,2008,SARS_related,C6
HQ890541.1,USA,2008,SARS_related,C6
HQ890542.1,USA,2008,SARS_related,C6
HQ890543.1,USA,2008,SARS_related,C6
HQ890544.1,USA,2008,SARS_related,C6
HQ890545.1,USA,2008,SARS_related,C6
HQ890546.1,USA,2008,SARS_related,C6
JF292902.1,USA,2008,SARS_related,C6
JF292903.1,USA,2008,SARS_related,C6
JF292904.1,USA,2008,SARS_related,C6
JF292905.1,USA,2008,SARS_related,C6
JF292906.1,USA,2008,SARS_related,C6
JF292907.1,USA,2008,SARS_related,C6
JF292908.1,USA,2008,SARS_related,C6
JF292909.1,USA,2008,SARS_related,C6
JF292910.1,USA,2008,SARS_related,C6
JF292911.1,USA,2008,SARS_related,C6
JF292912.1,USA,2008,SARS_related,C6
JF292913.1,USA,2008,SARS_related,C6
JF292914.1,USA,2008,SARS_related,C6
JF292915.1,USA,2008,SARS_related,C6
JF292916.1,USA,2008,SARS_related,C6
JF292917.1,USA,2008,SARS_related,C6
JF292918.1,USA,2008,SARS_related,C6
JF292919.1,USA,2008,SARS_related,C6
JF292920.1,USA,2008,SARS_related,C6
JF292921.1,USA,2009,SARS_related,C6
JF292922.1,USA,2009,SARS_related,C6
JN854286.1,United Kingdom,2003,SARS_related,C6
JN874559,China,2006,outgroup,C2
JN874560,China,2007,outgroup,C2
JN874561,China,2007,outgroup,C2
JN874562,China,2007,outgroup,C2
JQ316196.1,United Kingdom,2003,SARS_related,C6
JX162087.1,USA,2009,SARS_related,C6
JX163923.1,USA,2010,SARS_related,C6
JX163924.1,USA,2010,SARS_related,C6
JX163925.1,USA,2010,SARS_related,C6
JX163926.1,USA,2010,SARS_related,C6
JX163927.1,USA,2010,SARS_related,C6
JX163928.1,USA,2010,SARS_related,C6
JX869059,,2012,outgroup,C4
JX993987.1,China,2011,BAT,C6
JX993988.1,China,2011,BAT,C6
KC164505,United Kingdom,2012,outgroup,C4
KC667074,United Kingdom,2012,outgroup,C4
KC776174,Jordan,2012,outgroup,C4
KC869678,South Africa,2011,outgroup,C4
KC881005.1,China,2011,BAT,C6
KC881006.1,China,2012,BAT,C6
KC962433,China,2012,outgroup,C1
KF186564,Saudi Arabia,2013,MERS,C4
KF186565,Saudi Arabia,2013,MERS,C4
KF186566,Saudi Arabia,2013,MERS,C4
KF186567,Saudi Arabia,2013,MERS,C4
KF192507,United Arab Emirates,2013,MERS,C4
KF294457.1,China,2012,BAT,C6
KF367457.1,China,2012,BAT,C6
KF514388.1,USA,2010,SARS_related,C6
KF514389.1,USA,2009,SARS_related,C6
KF514390.1,USA,2010,SARS_related,C6
KF514391.1,USA,2010,SARS_related,C6
KF514392.1,USA,2010,SARS_related,C6
KF514393.1,USA,2010,SARS_related,C6
KF514394.1,USA,2009,SARS_related,C6
KF514395.1,USA,2009,SARS_related,C6
KF514396.1,USA,2009,SARS_related,C6
KF514397.1,USA,2009,SARS_related,C6
KF514398.1,USA,2010,SARS_related,C6
KF514399.1,USA,2010,SARS_related,C6
KF514400.1,USA,2010,SARS_related,C6
KF514401.1,USA,2010,SARS_related,C6
KF514402.1,USA,2010,SARS_related,C6
KF514403.1,USA,2010,SARS_related,C6
KF514404.1,USA,2010,SARS_related,C6
KF514405.1,USA,2010,SARS_related,C6
KF514406.1,USA,2009,SARS_related,C6
KF514407.1,USA,2010,SARS_related,C6
KF514408.1,USA,2009,SARS_related,C6
KF514409.1,USA,2009,SARS_related,C6
KF514410.1,USA,2009,SARS_related,C6
KF514411.1,USA,2009,SARS_related,C6
KF514412.1,USA,2009,SARS_related,C6
KF514413.1,USA,2010,SARS_related,C6
KF514414.1,USA,2009,SARS_related,C6
KF514415.1,USA,2010,SARS_related,C6
KF514416.1,USA,2010,SARS_related,C6
KF514417.1,USA,2010,SARS_related,C6
KF514418.1,USA,2009,SARS_related,C6
KF514419.1,USA,2009,SARS_related,C6
KF514420.1,USA,2009,SARS_related,C6
KF514421.1,USA,2010,SARS_related,C6
KF514422.1,USA,2010,SARS_related,C6
KF514423.1,USA,2009,SARS_related,C6
KF569996.1,China,2011,outgroup,C6
KF600612,Saudi Arabia,2012,MERS,C4
KF600613,Saudi Arabia,2013,MERS,C4
KF600620,Saudi Arabia,2012,MERS,C4
KF600627,Saudi Arabia,2013,MERS,C4
KF600628,Saudi Arabia,2013,MERS,C4
KF600630,Saudi Arabia,2013,MERS,C4
KF600632,Saudi Arabia,2013,MERS,C4
KF600634,Saudi Arabia,2013,MERS,C4
KF600644,Saudi Arabia,2013,MERS,C4
KF600645,Saudi Arabia,2013,MERS,C4
KF600647,Saudi Arabia,2013,MERS,C4
KF600651,Saudi Arabia,2013,MERS,C4
KF600652,Saudi Arabia,2012,MERS,C4
KF745068,France,2013,MERS,C4
KF917527,Saudi Arabia,2013,MERS,C4
KF958702,Saudi Arabia,2013,MERS,C4
KF961221,Qatar,2013,MERS,C4
KF961222,Qatar,2013,MERS,C4
KJ156866,Saudi Arabia,2013,MERS,C4
KJ156869,Saudi Arabia,2013,MERS,C4
KJ156874,Saudi Arabia,2013,MERS,C4
KJ156881,Saudi Arabia,2013,MERS,C4
KJ156910,Saudi Arabia,2013,MERS,C4
KJ156934,Saudi Arabia,2013,MERS,C4
KJ156944,Saudi Arabia,2013,MERS,C4
KJ156949,Saudi Arabia,2013,MERS,C4
KJ156952,Saudi Arabia,2013,MERS,C4
KJ361500,France,2013,MERS,C4
KJ361501,France,2013,MERS,C4
KJ361502,France,2013,MERS,C4
KJ361503,France,2013,MERS,C4
KJ473811.1,China,2012,outgroup,C6
KJ473812.1,China,2013,outgroup,C6
KJ473813.1,China,2013,outgroup,C6
KJ473814.1,China,2013,outgroup,C6
KJ473815.1,China,2013,outgroup,C6
KJ473816.1,China,2013,outgroup,C6
KJ473821,China,NA,outgroup,C4
KJ477102,Egypt,2013,MERS,C4
KJ477103,Egypt,2013,MERS,C4
KJ556336,Saudi Arabia,2013,MERS,C4
KJ614529,,NA,outgroup,C4
KJ650098,Qatar,2014,MERS,C4
KJ650295,Saudi Arabia,2013,MERS,C4
KJ650296,Saudi Arabia,2013,MERS,C4
KJ650297,Saudi Arabia,2013,MERS,C4
KJ713295,Saudi Arabia,2013,MERS,C4
KJ713296,Saudi Arabia,2013,MERS,C4
KJ713297,Saudi Arabia,2013,MERS,C4
KJ713298,Saudi Arabia,2013,MERS,C4
KJ713299,Saudi Arabia,2013,MERS,C4
KJ813439,USA,2014,MERS,C4
KJ829365,USA,2014,MERS,C4
KM015348,United Kingdom,2013,MERS,C4
KM027255,Saudi Arabia,2014,MERS,C4
KM027256,Saudi Arabia,2014,MERS,C4
KM027257,Saudi Arabia,2014,MERS,C4
KM027258,Saudi Arabia,2014,MERS,C4
KM027259,Saudi Arabia,2014,MERS,C4
KM027260,Saudi Arabia,2014,MERS,C4
KM027261,Saudi Arabia,2014,MERS,C4
KM027262,Saudi Arabia,2014,MERS,C4
KM210277,United Kingdom,2013,MERS,C4
KM210278,United Kingdom,2013,MERS,C4
KP202848,China,2013,outgroup,C1
KP209306,United Arab Emirates,2014,MERS,C4
KP209307,United Arab Emirates,2014,MERS,C4
KP209308,United Arab Emirates,2014,MERS,C4
KP209309,United Arab Emirates,2014,MERS,C4
KP209310,United Arab Emirates,2014,MERS,C4
KP209311,United Arab Emirates,2014,MERS,C4
KP209312,United Arab Emirates,2013,MERS,C4
KP209313,United Arab Emirates,2014,MERS,C4
KP223131,USA,2014,MERS,C4
KP719927,United Arab Emirates,2014,MERS,C4
KP719928,United Arab Emirates,2014,MERS,C4
KP719929,United Arab Emirates,2014,MERS,C4
KP719930,United Arab Emirates,2014,MERS,C4
KP719931,United Arab Emirates,2014,MERS,C4
KP719932,United Arab Emirates,2014,MERS,C4
KP719933,United Arab Emirates,NA,MERS,C4
KP886808.1,China,2013,BAT,C6
KP886809.1,China,2013,BAT,C6
KR011263,Saudi Arabia,2015,MERS,C4
KR011264,Saudi Arabia,2015,MERS,C4
KR011265,Saudi Arabia,2015,MERS,C4
KR011266,Saudi Arabia,2015,MERS,C4
KT006149,China,2015,MERS,C4
KT026453,Saudi Arabia,2015,MERS,C4
KT026454,Saudi Arabia,2015,MERS,C4
KT026455,Saudi Arabia,2015,MERS,C4
KT026456,Saudi Arabia,2015,MERS,C4
KT029139,South Korea,2015,MERS,C4
KT121572,Saudi Arabia,2014,MERS,C4
KT121573,Saudi Arabia,2014,MERS,C4
KT121574,Saudi Arabia,2014,MERS,C4
KT121575,Saudi Arabia,2014,MERS,C4
KT121576,Saudi Arabia,2014,MERS,C4
KT121577,Saudi Arabia,2014,MERS,C4
KT121578,Saudi Arabia,2014,MERS,C4
KT121579,Saudi Arabia,2014,MERS,C4
KT121580,Saudi Arabia,2014,MERS,C4
KT121581,Saudi Arabia,2014,MERS,C4
KT156560,Oman,2013,MERS,C4
KT156561,Oman,2013,MERS,C4
KT225476,Thailand,2015,MERS,C4
KT326819,South Korea,2015,MERS,C4
KT368824,Saudi Arabia,2014,MERS,C4
KT368825,Saudi Arabia,2014,MERS,C4
KT368826,Saudi Arabia,2014,MERS,C4
KT368827,Saudi Arabia,2014,MERS,C4
KT368828,Saudi Arabia,2014,MERS,C4
KT368829,Saudi Arabia,2014,MERS,C4
KT368830,Saudi Arabia,2014,MERS,C4
KT368831,Saudi Arabia,2014,MERS,C4
KT368832,Saudi Arabia,2014,MERS,C4
KT368833,Saudi Arabia,2014,MERS,C4
KT368834,Saudi Arabia,2014,MERS,C4
KT368835,Saudi Arabia,2014,MERS,C4
KT368836,Saudi Arabia,2014,MERS,C4
KT368837,Saudi Arabia,2014,MERS,C4
KT368838,Saudi Arabia,2014,MERS,C4
KT368839,Saudi Arabia,2014,MERS,C4
KT368840,Saudi Arabia,2014,MERS,C4
KT368841,Saudi Arabia,2014,MERS,C4
KT368842,Saudi Arabia,2014,MERS,C4
KT368843,Saudi Arabia,2014,MERS,C4
KT368844,Saudi Arabia,2014,MERS,C4
KT368845,Saudi Arabia,2014,MERS,C4
KT368846,Saudi Arabia,2014,MERS,C4
KT368847,Saudi Arabia,2014,MERS,C4
KT368848,Saudi Arabia,2014,MERS,C4
KT368849,Saudi Arabia,2014,MERS,C4
KT368850,Saudi Arabia,2014,MERS,C4
KT368851,Saudi Arabia,2014,MERS,C4
KT368852,Saudi Arabia,2014,MERS,C4
KT368853,Saudi Arabia,2014,MERS,C4
KT368854,Saudi Arabia,2014,MERS,C4
KT368855,Saudi Arabia,2014,MERS,C4
KT368856,Saudi Arabia,2014,MERS,C4
KT368857,Saudi Arabia,2014,MERS,C4
KT368858,Saudi Arabia,2015,MERS,C4
KT368859,Saudi Arabia,2015,MERS,C4
KT368860,Saudi Arabia,2015,MERS,C4
KT368861,Saudi Arabia,2015,MERS,C4
KT368862,Saudi Arabia,2015,MERS,C4
KT368863,Saudi Arabia,2015,MERS,C4
KT368864,Saudi Arabia,2015,MERS,C4
KT368865,Saudi Arabia,2015,MERS,C4
KT368866,Saudi Arabia,2015,MERS,C4
KT368867,Saudi Arabia,2015,MERS,C4
KT368868,Saudi Arabia,2015,MERS,C4
KT368869,Saudi Arabia,2015,MERS,C4
KT368870,Saudi Arabia,2015,MERS,C4
KT368871,Saudi Arabia,2015,MERS,C4
KT368872,Saudi Arabia,2015,MERS,C4
KT368873,Saudi Arabia,2015,MERS,C4
KT368874,Saudi Arabia,2015,MERS,C4
KT368875,Saudi Arabia,2015,MERS,C4
KT368876,Saudi Arabia,2015,MERS,C4
KT368877,Saudi Arabia,2015,MERS,C4
KT368878,Saudi Arabia,2015,MERS,C4
KT368879,Saudi Arabia,2015,MERS,C4
KT368880,Saudi Arabia,2015,MERS,C4
KT368881,Saudi Arabia,2015,MERS,C4
KT368882,Saudi Arabia,2015,MERS,C4
KT368883,Saudi Arabia,2015,MERS,C4
KT368884,Saudi Arabia,2015,MERS,C4
KT368885,Saudi Arabia,2015,MERS,C4
KT368886,Saudi Arabia,2015,MERS,C4
KT368887,Saudi Arabia,2015,MERS,C4
KT368888,Saudi Arabia,2015,MERS,C4
KT368889,Saudi Arabia,2015,MERS,C4
KT368890,Saudi Arabia,2015,MERS,C4
KT368891,Saudi Arabia,2015,outgroup,C2
KT374050,South Korea,2015,MERS,C4
KT374051,South Korea,2015,MERS,C4
KT374052,South Korea,2015,MERS,C4
KT374053,South Korea,2015,MERS,C4
KT374054,South Korea,2015,MERS,C4
KT374055,South Korea,2015,MERS,C4
KT374056,South Korea,2015,MERS,C4
KT374057,South Korea,2015,MERS,C4
KT696544,China,2012,outgroup,C1
KT751244,United Arab Emirates,NA,MERS,C4
KT806044,Saudi Arabia,2015,MERS,C4
KT806045,Saudi Arabia,2015,MERS,C4
KT806046,Saudi Arabia,2015,MERS,C4
KT806047,Saudi Arabia,2015,MERS,C4
KT806048,Saudi Arabia,2015,MERS,C4
KT806049,Saudi Arabia,2015,MERS,C4
KT806051,Saudi Arabia,2015,MERS,C4
KT806052,Saudi Arabia,2015,MERS,C4
KT806053,Saudi Arabia,2015,MERS,C4
KT806054,Saudi Arabia,2015,MERS,C4
KT806055,Saudi Arabia,2015,MERS,C4
KT861627,Jordan,2014,MERS,C4
KT861628,Jordan,2014,MERS,C4
KT877350,Saudi Arabia,2014,MERS,C4
KT877351,Saudi Arabia,2014,MERS,C4
KU182964,China,2013,BAT,C6
KU182965,China,2012,BAT,C4
KU242423,United Arab Emirates,2014,MERS,C4
KU242424,United Arab Emirates,2014,MERS,C4
KU308549,South Korea,2015,MERS,C4
KU710264,Saudi Arabia,2014,MERS,C4
KU710265,Saudi Arabia,2014,MERS,C4
KU729220,China,2098,outgroup,C1
KU851859,Saudi Arabia,2015,MERS,C4
KU851860,Saudi Arabia,2015,MERS,C4
KU851861,Saudi Arabia,2015,MERS,C4
KU851862,Saudi Arabia,2015,MERS,C4
KU851863,Saudi Arabia,2015,MERS,C4
KU851864,Saudi Arabia,2015,MERS,C4
KU973692.1,China,2012,SARS_related,C6
KX034094,South Korea,2015,MERS,C4
KX034095,South Korea,2015,MERS,C4
KX034096,South Korea,2015,MERS,C4
KX034097,South Korea,2015,MERS,C4
KX034098,South Korea,2015,MERS,C4
KX034099,South Korea,2015,MERS,C4
KX034100,South Korea,2015,MERS,C4
KX083668,China,2015,outgroup,C1
KX108937,United Arab Emirates,2014,MERS,C4
KX108938,United Arab Emirates,2014,MERS,C4
KX108939,United Arab Emirates,2015,MERS,C4
KX108940,United Arab Emirates,2015,MERS,C4
KX108941,United Arab Emirates,2015,MERS,C4
KX108942,United Arab Emirates,2015,MERS,C4
KX108943,United Arab Emirates,2015,MERS,C4
KX108944,United Arab Emirates,2015,MERS,C4
KX108945,United Arab Emirates,2015,MERS,C4
KX108946,United Arab Emirates,2015,MERS,C4
KX154684,Saudi Arabia,2016,MERS,C4
KX154685,Saudi Arabia,2016,MERS,C4
KX154686,Saudi Arabia,2016,MERS,C4
KX154687,Saudi Arabia,2016,MERS,C4
KX154688,Saudi Arabia,2016,MERS,C4
KX154689,Saudi Arabia,2016,MERS,C4
KX154690,Saudi Arabia,2016,MERS,C4
KX154691,Saudi Arabia,2016,MERS,C4
KX154692,Saudi Arabia,2016,MERS,C4
KX154693,Saudi Arabia,2016,MERS,C4
KX154694,Saudi Arabia,2016,MERS,C4
KX499468,China,2015,outgroup,C1
KX574227,Uganda,2013,BAT,C4
KX900393,USA,2006,outgroup,C1
KX900394,USA,1988,outgroup,C1
KX900395,USA,2006,outgroup,C1
KX900396,USA,2006,outgroup,C1
KX900397,USA,2007,outgroup,C1
KX900398,USA,2007,outgroup,C1
KX900399,USA,2007,outgroup,C1
KX900400,USA,2008,outgroup,C1
KX900401,USA,2008,outgroup,C1
KX900402,Mexico,2008,outgroup,C1
KX900403,USA,2008,outgroup,C1
KX900404,USA,2012,outgroup,C1
KX900405,USA,2013,outgroup,C1
KX900406,USA,2013,outgroup,C1
KX900407,USA,2013,outgroup,C1
KX900408,USA,2014,outgroup,C1
KX900409,USA,2014,outgroup,C1
KX900410,USA,2014,outgroup,C1
KX900411,USA,2014,outgroup,C1
KY352407.1,Kenya,2007,SARS_related,C5
KY417142.1,China,2014,BAT,C6
KY417143.1,China,2012,BAT,C6
KY417144.1,China,2012,BAT,C6
KY417145.1,China,2012,BAT,C6
KY417146.1,China,2013,BAT,C6
KY417147.1,China,2013,BAT,C6
KY417148.1,China,2013,BAT,C6
KY417149.1,China,2013,BAT,C6
KY417150.1,China,2013,BAT,C6
KY417151.1,China,2014,BAT,C6
KY417152.1,China,2015,BAT,C6
KY581684,United Arab Emirates,2013,MERS,C4
KY581685,United Arab Emirates,2013,MERS,C4
KY581686,United Arab Emirates,2014,MERS,C4
KY581687,United Arab Emirates,2013,MERS,C4
KY581688,United Arab Emirates,2014,MERS,C4
KY581689,United Arab Emirates,2014,MERS,C4
KY581690,United Arab Emirates,2014,MERS,C4
KY581691,United Arab Emirates,2014,MERS,C4
KY581692,United Arab Emirates,2014,MERS,C4
KY581693,United Arab Emirates,2014,MERS,C4
KY581694,United Arab Emirates,2014,MERS,C4
KY581695,United Arab Emirates,2014,MERS,C4
KY581696,United Arab Emirates,2014,MERS,C4
KY581697,United Arab Emirates,2014,MERS,C4
KY581698,United Arab Emirates,2014,MERS,C4
KY581699,United Arab Emirates,2014,MERS,C4
KY581700,United Arab Emirates,2014,MERS,C4
KY673148,Oman,2015,MERS,C4
KY673149,Oman,2015,MERS,C4
KY688118,Saudi Arabia,2015,MERS,C4
KY688119,Saudi Arabia,2015,MERS,C4
KY688120,Saudi Arabia,2015,MERS,C4
KY688121,Saudi Arabia,2015,MERS,C4
KY688122,Saudi Arabia,2015,MERS,C4
KY688123,Saudi Arabia,2015,MERS,C4
KY688124,Saudi Arabia,2015,MERS,C4
KY770851,China,2013,BAT,C1
KY770858,China,2013,BAT,C6
KY770859,China,2013,BAT,C6
KY770860,China,2012,BAT,C6
KY938558,South Korea,2016,BAT,C6
LC469308,Japan,NA,BAT,C4
MF000457,Jordan,2015,MERS,C4
MF000458,Jordan,2015,MERS,C4
MF000459,Jordan,2015,MERS,C4
MF000460,Jordan,2015,MERS,C4
MF593268,South Africa,2015,MERS,C4
MF598594,United Arab Emirates,2015,MERS,C4
MF598595,United Arab Emirates,2015,MERS,C4
MF598596,United Arab Emirates,2015,MERS,C4
MF598597,United Arab Emirates,2015,MERS,C4
MF598598,United Arab Emirates,2015,MERS,C4
MF598599,United Arab Emirates,2015,MERS,C4
MF598600,United Arab Emirates,2015,MERS,C4
MF598601,United Arab Emirates,2015,MERS,C4
MF598602,United Arab Emirates,2015,MERS,C4
MF598603,United Arab Emirates,2015,MERS,C4
MF598604,United Arab Emirates,2015,MERS,C4
MF598605,United Arab Emirates,2015,MERS,C4
MF598606,United Arab Emirates,2015,MERS,C4
MF598607,United Arab Emirates,2015,MERS,C4
MF598608,United Arab Emirates,2015,MERS,C4
MF598609,United Arab Emirates,2015,MERS,C4
MF598610,United Arab Emirates,2015,MERS,C4
MF598611,United Arab Emirates,2015,MERS,C4
MF598612,United Arab Emirates,2015,MERS,C4
MF598613,United Arab Emirates,2015,MERS,C4
MF598614,United Arab Emirates,2015,MERS,C4
MF598615,United Arab Emirates,2015,MERS,C4
MF598616,United Arab Emirates,2015,MERS,C4
MF598617,United Arab Emirates,2015,MERS,C4
MF598618,United Arab Emirates,2015,MERS,C4
MF598619,United Arab Emirates,2015,MERS,C4
MF598620,United Arab Emirates,2015,MERS,C4
MF598621,United Arab Emirates,2015,MERS,C4
MF598622,United Arab Emirates,2015,MERS,C4
MF598623,United Arab Emirates,2015,MERS,C4
MF598624,United Arab Emirates,2015,MERS,C4
MF598625,United Arab Emirates,2015,MERS,C4
MF598626,United Arab Emirates,2015,MERS,C4
MF598627,United Arab Emirates,2015,MERS,C4
MF598629,United Arab Emirates,2015,MERS,C4
MF598630,United Arab Emirates,2015,MERS,C4
MF598631,United Arab Emirates,2015,MERS,C4
MF598632,United Arab Emirates,2015,MERS,C4
MF598633,United Arab Emirates,2015,MERS,C4
MF598634,United Arab Emirates,2015,MERS,C4
MF598635,United Arab Emirates,2015,MERS,C4
MF598636,United Arab Emirates,2015,MERS,C4
MF598637,United Arab Emirates,2015,MERS,C4
MF598638,United Arab Emirates,2015,MERS,C4
MF598639,United Arab Emirates,2015,MERS,C4
MF598640,United Arab Emirates,2015,MERS,C4
MF598641,United Arab Emirates,2015,MERS,C4
MF598643,United Arab Emirates,2015,MERS,C4
MF598644,United Arab Emirates,2015,MERS,C4
MF598645,United Arab Emirates,2015,MERS,C4
MF598646,United Arab Emirates,2015,MERS,C4
MF598647,United Arab Emirates,2015,MERS,C4
MF598648,United Arab Emirates,2015,MERS,C4
MF598649,United Arab Emirates,2015,MERS,C4
MF598650,United Arab Emirates,2015,MERS,C4
MF598651,United Arab Emirates,2015,MERS,C4
MF598652,United Arab Emirates,2015,MERS,C4
MF598653,United Arab Emirates,2015,MERS,C4
MF598654,United Arab Emirates,2015,MERS,C4
MF598655,United Arab Emirates,2015,MERS,C4
MF598656,United Arab Emirates,2015,MERS,C4
MF598657,United Arab Emirates,2015,MERS,C4
MF598658,United Arab Emirates,2015,MERS,C4
MF598659,United Arab Emirates,2015,MERS,C4
MF598660,United Arab Emirates,2015,MERS,C4
MF598661,United Arab Emirates,2015,MERS,C4
MF598662,United Arab Emirates,2015,MERS,C4
MF598663,United Arab Emirates,2015,MERS,C4
MF598664,United Arab Emirates,2015,MERS,C4
MF598665,United Arab Emirates,2015,MERS,C4
MF598666,United Arab Emirates,2015,MERS,C4
MF598667,United Arab Emirates,2015,MERS,C4
MF598668,United Arab Emirates,2015,MERS,C4
MF598669,United Arab Emirates,2015,MERS,C4
MF598670,United Arab Emirates,2015,MERS,C4
MF598671,United Arab Emirates,2015,MERS,C4
MF598672,United Arab Emirates,2015,MERS,C4
MF598673,United Arab Emirates,2015,MERS,C4
MF598674,United Arab Emirates,2015,MERS,C4
MF598675,United Arab Emirates,2015,MERS,C4
MF598676,United Arab Emirates,2015,MERS,C4
MF598677,United Arab Emirates,2015,MERS,C4
MF598678,United Arab Emirates,2015,MERS,C4
MF598679,United Arab Emirates,2015,MERS,C4
MF598680,United Arab Emirates,2015,MERS,C4
MF598681,United Arab Emirates,2015,MERS,C4
MF598682,United Arab Emirates,2015,MERS,C4
MF598683,United Arab Emirates,2015,MERS,C4
MF598684,United Arab Emirates,2015,MERS,C4
MF598685,United Arab Emirates,2015,MERS,C4
MF598686,United Arab Emirates,2015,MERS,C4
MF598687,United Arab Emirates,2015,MERS,C4
MF598688,United Arab Emirates,2015,MERS,C4
MF598689,United Arab Emirates,2015,MERS,C4
MF598690,United Arab Emirates,2015,MERS,C4
MF598691,United Arab Emirates,2015,MERS,C4
MF598692,United Arab Emirates,2015,MERS,C4
MF598693,United Arab Emirates,2015,MERS,C4
MF598694,United Arab Emirates,2015,MERS,C4
MF598695,United Arab Emirates,2015,MERS,C4
MF598696,United Arab Emirates,2015,MERS,C4
MF598697,United Arab Emirates,2015,MERS,C4
MF598698,United Arab Emirates,2015,MERS,C4
MF598699,United Arab Emirates,2015,MERS,C4
MF598700,United Arab Emirates,2015,MERS,C4
MF598701,United Arab Emirates,2015,MERS,C4
MF598702,United Arab Emirates,2015,MERS,C4
MF598703,United Arab Emirates,2015,MERS,C4
MF598704,United Arab Emirates,2015,MERS,C4
MF598705,United Arab Emirates,2015,MERS,C4
MF598706,United Arab Emirates,2015,MERS,C4
MF598707,United Arab Emirates,2015,MERS,C4
MF598708,United Arab Emirates,2015,MERS,C4
MF598709,United Arab Emirates,2015,MERS,C4
MF598710,United Arab Emirates,2015,MERS,C4
MF598711,United Arab Emirates,2015,MERS,C4
MF598712,United Arab Emirates,2015,MERS,C4
MF598713,United Arab Emirates,2015,MERS,C4
MF598714,United Arab Emirates,2015,MERS,C4
MF598715,United Arab Emirates,2015,MERS,C4
MF598716,United Arab Emirates,2015,MERS,C4
MF598717,United Arab Emirates,2015,MERS,C4
MF598719,United Arab Emirates,2015,MERS,C4
MF598720,United Arab Emirates,2015,MERS,C4
MF598721,United Arab Emirates,2015,MERS,C4
MF598722,United Arab Emirates,2015,MERS,C4
MG011340,Saudi Arabia,2016,MERS,C4
MG011341,Saudi Arabia,2016,MERS,C4
MG011342,Saudi Arabia,2016,MERS,C4
MG011343,Saudi Arabia,2016,MERS,C4
MG011344,Saudi Arabia,2016,MERS,C4
MG011345,Saudi Arabia,2016,MERS,C4
MG011346,Saudi Arabia,2016,MERS,C4
MG011347,Saudi Arabia,2016,MERS,C4
MG011348,Saudi Arabia,2016,MERS,C4
MG011349,Saudi Arabia,2016,MERS,C4
MG011350,Saudi Arabia,2016,MERS,C4
MG011351,Saudi Arabia,2016,MERS,C4
MG011352,Saudi Arabia,2016,MERS,C4
MG011353,Saudi Arabia,2016,MERS,C4
MG011354,Saudi Arabia,2016,MERS,C4
MG011355,Saudi Arabia,2016,MERS,C4
MG011356,Saudi Arabia,2016,MERS,C4
MG011357,Saudi Arabia,2016,MERS,C4
MG011358,Saudi Arabia,2016,MERS,C4
MG011359,Saudi Arabia,2016,MERS,C4
MG011360,Saudi Arabia,2017,MERS,C4
MG011361,Saudi Arabia,2017,MERS,C4
MG011362,Saudi Arabia,2016,MERS,C4
MG021451,China,2013,MERS,C4
MG021452,China,2014,MERS,C4
MG366483,Saudi Arabia,2017,MERS,C4
MG366880,Saudi Arabia,2015,MERS,C4
MG366881,Saudi Arabia,2015,MERS,C4
MG366882,Saudi Arabia,2015,MERS,C4
MG366883,Saudi Arabia,2015,MERS,C4
MG520075,Saudi Arabia,2015,MERS,C4
MG520076,Saudi Arabia,2015,MERS,C4
MG546330,Saudi Arabia,2015,MERS,C4
MG546331,Saudi Arabia,2015,MERS,C4
MG596802,Italy,2011,MERS,C4
MG596803,Italy,2011,MERS,C4
MG693168,Cameroon,2013,BAT,C3
MG693169,Cameroon,2013,BAT,C3
MG693170,Cameroon,2013,BAT,C3
MG693171,Cameroon,2013,BAT,C3
MG693172,Cameroon,2013,BAT,C3
MG757593,Saudi Arabia,2015,MERS,C4
MG757594,Saudi Arabia,2015,MERS,C4
MG757595,Saudi Arabia,2015,MERS,C4
MG757596,Saudi Arabia,2015,MERS,C4
MG757597,Saudi Arabia,2015,MERS,C4
MG757598,Saudi Arabia,2015,MERS,C4
MG757599,Saudi Arabia,2015,MERS,C4
MG757600,Saudi Arabia,2015,MERS,C4
MG757601,Saudi Arabia,2015,MERS,C4
MG757602,Saudi Arabia,2015,MERS,C4
MG757603,Saudi Arabia,2015,MERS,C4
MG757604,Saudi Arabia,2016,MERS,C4
MG757605,Saudi Arabia,2016,MERS,C4
MG772933.1,China,2017,BAT,C7
MG772934.1,China,2015,BAT,C7
MG912595,Saudi Arabia,2017,MERS,C4
MG912596,Saudi Arabia,2017,MERS,C4
MG912597,Saudi Arabia,2017,MERS,C4
MG912598,Saudi Arabia,2017,MERS,C4
MG912599,Saudi Arabia,2017,MERS,C4
MG912600,Saudi Arabia,2017,MERS,C4
MG912601,Saudi Arabia,2017,MERS,C4
MG912602,Saudi Arabia,2017,MERS,C4
MG912603,Saudi Arabia,2017,MERS,C4
MG912604,Saudi Arabia,2017,MERS,C4
MG912605,Saudi Arabia,2017,MERS,C4
MG912606,Saudi Arabia,2017,MERS,C4
MG912607,Saudi Arabia,2017,MERS,C4
MG912608,Saudi Arabia,2017,MERS,C4
MG916901,China,2012,BAT,C1
MG916902,China,2012,BAT,C1
MG916903,China,2013,BAT,C1
MG916904,China,2013,BAT,C1
MG923466,Ethiopia,2017,MERS,C4
MG923467,Ethiopia,2017,MERS,C4
MG923468,Ethiopia,2017,MERS,C4
MG923469,Morocco,2015,MERS,C4
MG923470,Burkina Faso,2015,MERS,C4
MG923471,Burkina Faso,2015,MERS,C4
MG923472,Nigeria,2015,MERS,C4
MG923473,Burkina Faso,2015,MERS,C4
MG923474,Nigeria,2016,MERS,C4
MG923475,Nigeria,2016,MERS,C4
MG923476,Nigeria,2016,MERS,C4
MG923477,Nigeria,2016,MERS,C4
MG923478,Nigeria,2016,MERS,C4
MG923479,Nigeria,2016,MERS,C4
MG923480,Nigeria,2016,MERS,C4
MG923481,Nigeria,2016,MERS,C4
MG987420,China,2013,MERS,C4
MG987421,China,2014,MERS,C4
MH013216,Saudi Arabia,2015,MERS,C4
MH029552,Saudi Arabia,2015,MERS,C4
MH259485,Saudi Arabia,2014,MERS,C4
MH259486,Saudi Arabia,2014,MERS,C4
MH306207,Saudi Arabia,2016,MERS,C4
MH310909,Saudi Arabia,2017,MERS,C4
MH310910,Saudi Arabia,2017,MERS,C4
MH310911,Saudi Arabia,2017,MERS,C4
MH310912,Saudi Arabia,2017,MERS,C4
MH371127,Saudi Arabia,2016,MERS,C4
MH395139,Saudi Arabia,2016,MERS,C4
MH432120,Saudi Arabia,2017,MERS,C4
MH454272,Saudi Arabia,2016,MERS,C4
MH734114,Kenya,2018,MERS,C4
MH734115,Kenya,2018,MERS,C4
MH822886,United Kingdom,2018,MERS,C4
MK039552,Jordan,2014,MERS,C4
MK039553,Jordan,2014,MERS,C4
MK052676,Jordan,2014,MERS,C4
MK062179.1,USA,2017,SARS_related,C6
MK062180.1,USA,2017,SARS_related,C6
MK062181.1,USA,2017,SARS_related,C6
MK062182.1,USA,2017,SARS_related,C6
MK062183.1,USA,2017,SARS_related,C6
MK062184.1,USA,2017,SARS_related,C6
MK129253,South Korea,2018,MERS,C4
MK280984,Qatar,2015,MERS,C4
MK357908,Kenya,2017,MERS,C4
MK357909,Kenya,2017,MERS,C4
MK462243,Saudi Arabia,2017,MERS,C4
MK462244,Saudi Arabia,2017,MERS,C4
MK462245,Saudi Arabia,2017,MERS,C4
MK462246,Saudi Arabia,2017,MERS,C4
MK462247,Saudi Arabia,2018,MERS,C4
MK462248,Saudi Arabia,2018,MERS,C4
MK462249,Saudi Arabia,2018,MERS,C4
MK462250,Saudi Arabia,2018,MERS,C4
MK462251,Saudi Arabia,2018,MERS,C4
MK462252,Saudi Arabia,2018,MERS,C4
MK462253,Saudi Arabia,2018,MERS,C4
MK462254,Saudi Arabia,2018,MERS,C4
MK462255,Saudi Arabia,2018,MERS,C4
MK462256,Saudi Arabia,2018,MERS,C4
MK483839,Saudi Arabia,2018,MERS,C4
MK492263,Singapore,2015,BAT,C3
MK564474,Ethiopia,2017,MERS,C4
MK564475,Ethiopia,2017,MERS,C4
MK796425,South Korea,2015,MERS,C4
MK967708,Egypt,2018,MERS,C4
MN120513,Saudi Arabia,2019,MERS,C4
MN120514,Saudi Arabia,2019,MERS,C4
MN365232,Saudi Arabia,2019,MERS,C4
MN365233,Saudi Arabia,2019,MERS,C4
MN507638,Qatar,NA,MERS,C4
MN723542,Saudi Arabia,2017,MERS,C4
MN723543,Saudi Arabia,2017,MERS,C4
MN723544,Saudi Arabia,2018,MERS,C4
MN996532.1,China,2013,BAT,C7
MT782114.1,USA,2008,BAT,C6
MT782115.1,USA,2008,BAT,C6
NC_017083,China,2006,outgroup,C2
NC_019843,,2012,MERS,C4
NC_034440,Uganda,2013,BAT,C4
NC_038294,United Kingdom,2012,outgroup,C4
NC_038861,USA,NA,outgroup,C1
NC_045512,China,2019,SARS-CoV-2,