metadataWithClusters
		Country	Date	Organism	cluster
1	DQ182595.1	China	2003	SARS_related	C6
2	DQ201447		NA	outgroup	C1
3	DQ443743	China	NA	outgroup	C1
4	DQ811785	USA	NA	outgroup	C1
5	DQ811788		NA	outgroup	C1
6	DQ811789	USA	1952	outgroup	C1
7	EF424621	USA	NA	outgroup	C2
8	EPI_ISL_402124	China	2019	SARS-CoV-2	C7
9	EPI_ISL_406534	China	2020	SARS-CoV-2	C7
10	EPI_ISL_410714	Singapore	2020	SARS-CoV-2	C7
11	EPI_ISL_412872	South Korea	2020	SARS-CoV-2	C7
12	EPI_ISL_413459	Japan	2020	SARS-CoV-2	C7
13	EPI_ISL_413594	Australia	2020	SARS-CoV-2	C7
14	EPI_ISL_413600	Australia	2020	SARS-CoV-2	C7
15	EPI_ISL_413867	China	2020	SARS-CoV-2	C7
16	EPI_ISL_413996	Switzerland	2020	SARS-CoV-2	C7
17	EPI_ISL_414600	France	2020	SARS-CoV-2	C7
18	EPI_ISL_415159	Belgium	2020	SARS-CoV-2	C7
19	EPI_ISL_415582	Canada	2020	SARS-CoV-2	C7
20	EPI_ISL_415646	Denmark	2020	SARS-CoV-2	C7
21	EPI_ISL_415654	France	2020	SARS-CoV-2	C7
22	EPI_ISL_416324	China	2020	SARS-CoV-2	C7
23	EPI_ISL_416392	China	2020	SARS-CoV-2	C7
24	EPI_ISL_416403	China	2020	SARS-CoV-2	C7
25	EPI_ISL_416404	China	2020	SARS-CoV-2	C7
26	EPI_ISL_416737	United Kingdom	2020	SARS-CoV-2	C7
27	EPI_ISL_417018	Belgium	2020	SARS-CoV-2	C7
28	EPI_ISL_417030	Australia	2020	SARS-CoV-2	C7
29	EPI_ISL_417222	United Kingdom	2020	SARS-CoV-2	C7
30	EPI_ISL_417229	United Kingdom	2020	SARS-CoV-2	C7
31	EPI_ISL_417301	United Kingdom	2020	SARS-CoV-2	C7
32	EPI_ISL_417425	Belgium	2020	SARS-CoV-2	C7
33	EPI_ISL_417532	Luxembourg	2020	SARS-CoV-2	C7
34	EPI_ISL_417552	Iceland	2020	SARS-CoV-2	C7
35	EPI_ISL_417577	Iceland	2020	SARS-CoV-2	C7
36	EPI_ISL_417822	Iceland	2020	SARS-CoV-2	C7
37	EPI_ISL_418017	Portugal	2020	SARS-CoV-2	C7
38	EPI_ISL_418121	United Kingdom	2020	SARS-CoV-2	C7
39	EPI_ISL_418125	United Kingdom	2020	SARS-CoV-2	C7
40	EPI_ISL_418130	United Kingdom	2020	SARS-CoV-2	C7
41	EPI_ISL_418183	Hungary	2020	SARS-CoV-2	C7
42	EPI_ISL_418246	Spain	2020	SARS-CoV-2	C7
43	EPI_ISL_418277	Switzerland	2020	SARS-CoV-2	C7
44	EPI_ISL_418374	Canada	2020	SARS-CoV-2	C7
45	EPI_ISL_418627	Belgium	2020	SARS-CoV-2	C7
46	EPI_ISL_418646	Belgium	2020	SARS-CoV-2	C7
47	EPI_ISL_418692	United Kingdom	2020	SARS-CoV-2	C7
48	EPI_ISL_418708	United Kingdom	2020	SARS-CoV-2	C7
49	EPI_ISL_418709	United Kingdom	2020	SARS-CoV-2	C7
50	EPI_ISL_418723	United Kingdom	2020	SARS-CoV-2	C7
51	EPI_ISL_418724	United Kingdom	2020	SARS-CoV-2	C7
52	EPI_ISL_418746	United Kingdom	2020	SARS-CoV-2	C7
53	EPI_ISL_418763	United Kingdom	2020	SARS-CoV-2	C7
54	EPI_ISL_418861	Spain	2020	SARS-CoV-2	C7
55	EPI_ISL_418990	China	2020	SARS-CoV-2	C7
56	EPI_ISL_419181	France	2020	SARS-CoV-2	C7
57	EPI_ISL_419265	Belgium	2020	SARS-CoV-2	C7
58	EPI_ISL_419449	United Kingdom	2020	SARS-CoV-2	C7
59	EPI_ISL_419487	United Kingdom	2020	SARS-CoV-2	C7
60	EPI_ISL_419505	United Kingdom	2020	SARS-CoV-2	C7
61	EPI_ISL_419546	Germany	2020	SARS-CoV-2	C7
62	EPI_ISL_419554	USA	2020	SARS-CoV-2	C7
63	EPI_ISL_419571	Luxembourg	2020	SARS-CoV-2	C7
64	EPI_ISL_419586	Luxembourg	2020	SARS-CoV-2	C7
65	EPI_ISL_419683	Spain	2020	SARS-CoV-2	C7
66	EPI_ISL_419741	Australia	2020	SARS-CoV-2	C7
67	EPI_ISL_419887	Australia	2020	SARS-CoV-2	C7
68	EPI_ISL_419909	Australia	2020	SARS-CoV-2	C7
69	EPI_ISL_419915	Australia	2020	SARS-CoV-2	C7
70	EPI_ISL_419947	Australia	2020	SARS-CoV-2	C7
71	EPI_ISL_419970	Australia	2020	SARS-CoV-2	C7
72	EPI_ISL_419988	Australia	2020	SARS-CoV-2	C7
73	EPI_ISL_419993	Australia	2020	SARS-CoV-2	C7
74	EPI_ISL_420082	Taiwan	2020	SARS-CoV-2	C7
75	EPI_ISL_420175	United Kingdom	2020	SARS-CoV-2	C7
76	EPI_ISL_420207	United Kingdom	2020	SARS-CoV-2	C7
77	EPI_ISL_420214	United Kingdom	2020	SARS-CoV-2	C7
78	EPI_ISL_420288	United Kingdom	2020	SARS-CoV-2	C7
79	EPI_ISL_420308	USA	2020	SARS-CoV-2	C7
80	EPI_ISL_420315	Belgium	2020	SARS-CoV-2	C7
81	EPI_ISL_420358	Belgium	2020	SARS-CoV-2	C7
82	EPI_ISL_420405	Belgium	2020	SARS-CoV-2	C7
83	EPI_ISL_420429	Belgium	2020	SARS-CoV-2	C7
84	EPI_ISL_420460	United Kingdom	2020	SARS-CoV-2	C7
85	EPI_ISL_420524	United Kingdom	2020	SARS-CoV-2	C7
86	EPI_ISL_420566	Italy	2020	SARS-CoV-2	C7
87	EPI_ISL_420575	USA	2020	SARS-CoV-2	C7
88	EPI_ISL_420649	United Kingdom	2020	SARS-CoV-2	C7
89	EPI_ISL_420652	United Kingdom	2020	SARS-CoV-2	C7
90	EPI_ISL_420714	United Kingdom	2020	SARS-CoV-2	C7
91	EPI_ISL_420846	Democratic Republic of the Congo	2020	SARS-CoV-2	C7
92	EPI_ISL_420905	Germany	2020	SARS-CoV-2	C7
93	EPI_ISL_420909	Germany	2020	SARS-CoV-2	C7
94	EPI_ISL_420944	United Kingdom	2020	SARS-CoV-2	C7
95	EPI_ISL_421227	China	2020	SARS-CoV-2	C7
96	EPI_ISL_421478	Portugal	2020	SARS-CoV-2	C7
97	EPI_ISL_421499	Portugal	2020	SARS-CoV-2	C7
98	EPI_ISL_421621	USA	2020	SARS-CoV-2	C7
99	EPI_ISL_421712	USA	2020	SARS-CoV-2	C7
100	EPI_ISL_421741	Luxembourg	2020	SARS-CoV-2	C7
101	EPI_ISL_421770	United Kingdom	2020	SARS-CoV-2	C7
102	EPI_ISL_421781	United Kingdom	2020	SARS-CoV-2	C7
103	EPI_ISL_421898	United Kingdom	2020	SARS-CoV-2	C7
104	EPI_ISL_421996	United Kingdom	2020	SARS-CoV-2	C7
105	EPI_ISL_422020	United Kingdom	2020	SARS-CoV-2	C7
106	EPI_ISL_422030	United Kingdom	2020	SARS-CoV-2	C7
107	EPI_ISL_422081	United Kingdom	2020	SARS-CoV-2	C7
108	EPI_ISL_422194	United Kingdom	2020	SARS-CoV-2	C7
109	EPI_ISL_422203	United Kingdom	2020	SARS-CoV-2	C7
110	EPI_ISL_422211	United Kingdom	2020	SARS-CoV-2	C7
111	EPI_ISL_422249	United Kingdom	2020	SARS-CoV-2	C7
112	EPI_ISL_422252	United Kingdom	2020	SARS-CoV-2	C7
113	EPI_ISL_422267	United Kingdom	2020	SARS-CoV-2	C7
114	EPI_ISL_422299	United Kingdom	2020	SARS-CoV-2	C7
115	EPI_ISL_422304	United Kingdom	2020	SARS-CoV-2	C7
116	EPI_ISL_422324	United Kingdom	2020	SARS-CoV-2	C7
117	EPI_ISL_422335	United Kingdom	2020	SARS-CoV-2	C7
118	EPI_ISL_422427	Kuwait	2020	SARS-CoV-2	C7
119	EPI_ISL_422528	USA	2020	SARS-CoV-2	C7
120	EPI_ISL_422537	USA	2020	SARS-CoV-2	C7
121	EPI_ISL_423152	United Kingdom	2020	SARS-CoV-2	C7
122	EPI_ISL_423166	United Kingdom	2020	SARS-CoV-2	C7
123	EPI_ISL_423175	United Kingdom	2020	SARS-CoV-2	C7
124	EPI_ISL_423209	United Kingdom	2020	SARS-CoV-2	C7
125	EPI_ISL_423279	United Kingdom	2020	SARS-CoV-2	C7
126	EPI_ISL_423311	United Kingdom	2020	SARS-CoV-2	C7
127	EPI_ISL_423324	United Kingdom	2020	SARS-CoV-2	C7
128	EPI_ISL_423383	United Kingdom	2020	SARS-CoV-2	C7
129	EPI_ISL_423480	United Kingdom	2020	SARS-CoV-2	C7
130	EPI_ISL_423506	United Kingdom	2020	SARS-CoV-2	C7
131	EPI_ISL_423536	United Kingdom	2020	SARS-CoV-2	C7
132	EPI_ISL_423563	United Kingdom	2020	SARS-CoV-2	C7
133	EPI_ISL_423566	United Kingdom	2020	SARS-CoV-2	C7
134	EPI_ISL_423584	United Kingdom	2020	SARS-CoV-2	C7
135	EPI_ISL_423590	United Kingdom	2020	SARS-CoV-2	C7
136	EPI_ISL_423595	United Kingdom	2020	SARS-CoV-2	C7
137	EPI_ISL_423654	United Kingdom	2020	SARS-CoV-2	C7
138	EPI_ISL_423767	United Kingdom	2020	SARS-CoV-2	C7
139	EPI_ISL_423787	United Kingdom	2020	SARS-CoV-2	C7
140	EPI_ISL_423796	United Kingdom	2020	SARS-CoV-2	C7
141	EPI_ISL_423819	United Kingdom	2020	SARS-CoV-2	C7
142	EPI_ISL_423860	United Kingdom	2020	SARS-CoV-2	C7
143	EPI_ISL_423935	United Kingdom	2020	SARS-CoV-2	C7
144	EPI_ISL_423947	United Kingdom	2020	SARS-CoV-2	C7
145	EPI_ISL_423950	United Kingdom	2020	SARS-CoV-2	C7
146	EPI_ISL_423951	United Kingdom	2020	SARS-CoV-2	C7
147	EPI_ISL_424020	United Kingdom	2020	SARS-CoV-2	C7
148	EPI_ISL_424026	United Kingdom	2020	SARS-CoV-2	C7
149	EPI_ISL_424040	United Kingdom	2020	SARS-CoV-2	C7
150	EPI_ISL_424093	United Kingdom	2020	SARS-CoV-2	C7
151	EPI_ISL_424382	Iceland	2020	SARS-CoV-2	C7
152	EPI_ISL_424396	Iceland	2020	SARS-CoV-2	C7
153	EPI_ISL_424420	Iceland	2020	SARS-CoV-2	C7
154	EPI_ISL_424434	Iceland	2020	SARS-CoV-2	C7
155	EPI_ISL_424450	Iceland	2020	SARS-CoV-2	C7
156	EPI_ISL_424522	Iceland	2020	SARS-CoV-2	C7
157	EPI_ISL_424559	Iceland	2020	SARS-CoV-2	C7
158	EPI_ISL_424891	USA	2020	SARS-CoV-2	C7
159	EPI_ISL_425191	Spain	2020	SARS-CoV-2	C7
160	EPI_ISL_425228	Czech Republic	2020	SARS-CoV-2	C7
161	EPI_ISL_425240	United Kingdom	2020	SARS-CoV-2	C7
162	EPI_ISL_425255	United Kingdom	2020	SARS-CoV-2	C7
163	EPI_ISL_425300	United Kingdom	2020	SARS-CoV-2	C7
164	EPI_ISL_425305	United Kingdom	2020	SARS-CoV-2	C7
165	EPI_ISL_425307	United Kingdom	2020	SARS-CoV-2	C7
166	EPI_ISL_425352	United Kingdom	2020	SARS-CoV-2	C7
167	EPI_ISL_425374	United Kingdom	2020	SARS-CoV-2	C7
168	EPI_ISL_425381	United Kingdom	2020	SARS-CoV-2	C7
169	EPI_ISL_425395	United Kingdom	2020	SARS-CoV-2	C7
170	EPI_ISL_425402	United Kingdom	2020	SARS-CoV-2	C7
171	EPI_ISL_425431	United Kingdom	2020	SARS-CoV-2	C7
172	EPI_ISL_425504	United Kingdom	2020	SARS-CoV-2	C7
173	EPI_ISL_425564	United Kingdom	2020	SARS-CoV-2	C7
174	EPI_ISL_425577	United Kingdom	2020	SARS-CoV-2	C7
175	EPI_ISL_425604	United Kingdom	2020	SARS-CoV-2	C7
176	EPI_ISL_426027	USA	2020	SARS-CoV-2	C7
177	EPI_ISL_426173	South Korea	2020	SARS-CoV-2	C7
178	EPI_ISL_426364	Mexico	2020	SARS-CoV-2	C7
179	EPI_ISL_426729	Australia	2020	SARS-CoV-2	C7
180	EPI_ISL_426768	Australia	2020	SARS-CoV-2	C7
181	EPI_ISL_426770	Australia	2020	SARS-CoV-2	C7
182	EPI_ISL_426781	Australia	2020	SARS-CoV-2	C7
183	EPI_ISL_426793	Australia	2020	SARS-CoV-2	C7
184	EPI_ISL_426807	Australia	2020	SARS-CoV-2	C7
185	EPI_ISL_426834	Australia	2020	SARS-CoV-2	C7
186	EPI_ISL_426848	Australia	2020	SARS-CoV-2	C7
187	EPI_ISL_426866	Australia	2020	SARS-CoV-2	C7
188	EPI_ISL_427004	Australia	2020	SARS-CoV-2	C7
189	EPI_ISL_427059	Australia	2020	SARS-CoV-2	C7
190	EPI_ISL_427105	Australia	2020	SARS-CoV-2	C7
191	EPI_ISL_427109	Australia	2020	SARS-CoV-2	C7
192	EPI_ISL_427147	Australia	2020	SARS-CoV-2	C7
193	EPI_ISL_427149	Australia	2020	SARS-CoV-2	C7
194	EPI_ISL_427329	Russia	2020	SARS-CoV-2	C7
195	EPI_ISL_427514	USA	2020	SARS-CoV-2	C7
196	EPI_ISL_428461	China	2020	SARS-CoV-2	C7
197	EPI_ISL_428762	USA	2020	SARS-CoV-2	C7
198	EPI_ISL_428882	Russia	2020	SARS-CoV-2	C7
199	EPI_ISL_429094	China	2020	SARS-CoV-2	C7
200	EPI_ISL_429730	Luxembourg	2020	SARS-CoV-2	C7
201	EPI_ISL_429733	Luxembourg	2020	SARS-CoV-2	C7
202	EPI_ISL_429787	Luxembourg	2020	SARS-CoV-2	C7
203	EPI_ISL_430340	USA	2020	SARS-CoV-2	C7
204	EPI_ISL_430343	USA	2020	SARS-CoV-2	C7
205	EPI_ISL_430346	USA	2020	SARS-CoV-2	C7
206	EPI_ISL_430399	USA	2020	SARS-CoV-2	C7
207	EPI_ISL_430423	USA	2020	SARS-CoV-2	C7
208	EPI_ISL_430489	Australia	2020	SARS-CoV-2	C7
209	EPI_ISL_430527	Australia	2020	SARS-CoV-2	C7
210	EPI_ISL_430561	Australia	2020	SARS-CoV-2	C7
211	EPI_ISL_430606	Australia	2020	SARS-CoV-2	C7
212	EPI_ISL_430709	Australia	2020	SARS-CoV-2	C7
213	EPI_ISL_430860	Sweden	2020	SARS-CoV-2	C7
214	EPI_ISL_431103	India	2020	SARS-CoV-2	C7
215	EPI_ISL_434383	Belgium	2020	SARS-CoV-2	C7
216	EPI_ISL_434493	Luxembourg	2020	SARS-CoV-2	C7
217	EPI_ISL_434514	Luxembourg	2020	SARS-CoV-2	C7
218	EPI_ISL_434667	Sweden	2020	SARS-CoV-2	C7
219	EPI_ISL_435036	USA	2020	SARS-CoV-2	C7
220	EPI_ISL_435039	USA	2020	SARS-CoV-2	C7
221	EPI_ISL_435065	India	2020	SARS-CoV-2	C7
222	EPI_ISL_435423	Hungary	2020	SARS-CoV-2	C7
223	EPI_ISL_435697	Singapore	2020	SARS-CoV-2	C7
224	EPI_ISL_435722	USA	2020	SARS-CoV-2	C7
225	EPI_ISL_436234	Spain	2020	SARS-CoV-2	C7
226	EPI_ISL_436239	Spain	2020	SARS-CoV-2	C7
227	EPI_ISL_436271	Spain	2020	SARS-CoV-2	C7
228	EPI_ISL_436313	Spain	2020	SARS-CoV-2	C7
229	EPI_ISL_436324	Spain	2020	SARS-CoV-2	C7
230	EPI_ISL_436404	Spain	2020	SARS-CoV-2	C7
231	EPI_ISL_436454	India	2020	SARS-CoV-2	C7
232	EPI_ISL_437268	Germany	2020	SARS-CoV-2	C7
233	EPI_ISL_437295	Germany	2020	SARS-CoV-2	C7
234	EPI_ISL_437323	Turkey	2020	SARS-CoV-2	C7
235	EPI_ISL_437354	Democratic Republic of the Congo	2020	SARS-CoV-2	C7
236	EPI_ISL_437455	USA	2020	SARS-CoV-2	C7
237	EPI_ISL_437528	USA	2020	SARS-CoV-2	C7
238	EPI_ISL_437920	Austria	2020	SARS-CoV-2	C7
239	EPI_ISL_437957	Austria	2020	SARS-CoV-2	C7
240	EPI_ISL_437994	Austria	2020	SARS-CoV-2	C7
241	EPI_ISL_438034	Austria	2020	SARS-CoV-2	C7
242	EPI_ISL_438044	Austria	2020	SARS-CoV-2	C7
243	EPI_ISL_438077	Austria	2020	SARS-CoV-2	C7
244	EPI_ISL_438117	Austria	2020	SARS-CoV-2	C7
245	EPI_ISL_443244	Singapore	2020	SARS-CoV-2	C7
246	EPI_ISL_444472	India	2020	SARS-CoV-2	C7
247	EPI_ISL_444552	USA	2020	SARS-CoV-2	C7
248	EPI_ISL_444568	USA	2020	SARS-CoV-2	C7
249	EPI_ISL_444603	USA	2020	SARS-CoV-2	C7
250	EPI_ISL_444694	USA	2020	SARS-CoV-2	C7
251	EPI_ISL_444719	USA	2020	SARS-CoV-2	C7
252	EPI_ISL_444745	USA	2020	SARS-CoV-2	C7
253	EPI_ISL_444789	USA	2020	SARS-CoV-2	C7
254	EPI_ISL_445064	Luxembourg	2020	SARS-CoV-2	C7
255	EPI_ISL_445231	Sweden	2020	SARS-CoV-2	C7
256	EPI_ISL_445270	Chile	2020	SARS-CoV-2	C7
257	EPI_ISL_445277	Chile	2020	SARS-CoV-2	C7
258	EPI_ISL_445286	Chile	2020	SARS-CoV-2	C7
259	EPI_ISL_445326	Chile	2020	SARS-CoV-2	C7
260	EPI_ISL_445332	Chile	2020	SARS-CoV-2	C7
261	EPI_ISL_445345	Chile	2020	SARS-CoV-2	C7
262	EPI_ISL_447276	Israel	2020	SARS-CoV-2	C7
263	EPI_ISL_447306	Israel	2020	SARS-CoV-2	C7
264	EPI_ISL_447319	Israel	2020	SARS-CoV-2	C7
265	EPI_ISL_447384	Israel	2020	SARS-CoV-2	C7
266	EPI_ISL_447388	Israel	2020	SARS-CoV-2	C7
267	EPI_ISL_447395	Israel	2020	SARS-CoV-2	C7
268	EPI_ISL_447444	Israel	2020	SARS-CoV-2	C7
269	EPI_ISL_447453	Israel	2020	SARS-CoV-2	C7
270	EPI_ISL_447456	Israel	2020	SARS-CoV-2	C7
271	EPI_ISL_447530	Spain	2020	SARS-CoV-2	C7
272	EPI_ISL_447537	India	2020	SARS-CoV-2	C7
273	EPI_ISL_447547	India	2020	SARS-CoV-2	C7
274	EPI_ISL_447582	India	2020	SARS-CoV-2	C7
275	EPI_ISL_447597	Democratic Republic of the Congo	2020	SARS-CoV-2	C7
276	EPI_ISL_447607	Democratic Republic of the Congo	2020	SARS-CoV-2	C7
277	EPI_ISL_447806	Colombia	2020	SARS-CoV-2	C7
278	EPI_ISL_450041	USA	2020	SARS-CoV-2	C7
279	EPI_ISL_450051	USA	2020	SARS-CoV-2	C7
280	EPI_ISL_450068	USA	2020	SARS-CoV-2	C7
281	EPI_ISL_450091	USA	2020	SARS-CoV-2	C7
282	EPI_ISL_450131	USA	2020	SARS-CoV-2	C7
283	EPI_ISL_450236	USA	2020	SARS-CoV-2	C7
284	EPI_ISL_450736	Belgium	2020	SARS-CoV-2	C7
285	EPI_ISL_451210	USA	2020	SARS-CoV-2	C7
286	EPI_ISL_451235	USA	2020	SARS-CoV-2	C7
287	EPI_ISL_451246	USA	2020	SARS-CoV-2	C7
288	EPI_ISL_451273	USA	2020	SARS-CoV-2	C7
289	EPI_ISL_451323	China	2020	SARS-CoV-2	C7
290	EPI_ISL_451326	China	2020	SARS-CoV-2	C7
291	EPI_ISL_451331	China	2020	SARS-CoV-2	C7
292	EPI_ISL_451362	China	2020	SARS-CoV-2	C7
293	EPI_ISL_451446	USA	2020	SARS-CoV-2	C7
294	EPI_ISL_451475	USA	2020	SARS-CoV-2	C7
295	EPI_ISL_452186	Italy	2020	SARS-CoV-2	C7
296	EPI_ISL_452347	China	2020	SARS-CoV-2	C7
297	EPI_ISL_452421	Spain	2020	SARS-CoV-2	C7
298	EPI_ISL_452622	Spain	2020	SARS-CoV-2	C7
299	EPI_ISL_452703	Spain	2020	SARS-CoV-2	C7
300	EPI_ISL_452706	Spain	2020	SARS-CoV-2	C7
301	EPI_ISL_452719	Spain	2020	SARS-CoV-2	C7
302	EPI_ISL_452735	Spain	2020	SARS-CoV-2	C7
303	EPI_ISL_454461	Sweden	2020	SARS-CoV-2	C7
304	EPI_ISL_454544	India	2020	SARS-CoV-2	C7
305	EPI_ISL_454547	India	2020	SARS-CoV-2	C7
306	EPI_ISL_454604	Kazakhstan	2020	SARS-CoV-2	C7
307	EPI_ISL_454760	Netherlands	2020	SARS-CoV-2	C7
308	EPI_ISL_454780	Netherlands	2020	SARS-CoV-2	C7
309	EPI_ISL_454869	Sweden	2020	SARS-CoV-2	C7
310	EPI_ISL_454883	Sweden	2020	SARS-CoV-2	C7
311	EPI_ISL_455317	Spain	2020	SARS-CoV-2	C7
312	EPI_ISL_455419	Nigeria	2020	SARS-CoV-2	C7
313	EPI_ISL_455606	Thailand	2020	SARS-CoV-2	C7
314	EPI_ISL_455649	India	2020	SARS-CoV-2	C7
315	EPI_ISL_455669	India	2020	SARS-CoV-2	C7
316	EPI_ISL_455734	Spain	2020	SARS-CoV-2	C7
317	EPI_ISL_455770	India	2020	SARS-CoV-2	C7
318	EPI_ISL_455898	Sweden	2020	SARS-CoV-2	C7
319	EPI_ISL_456025	USA	2020	SARS-CoV-2	C7
320	EPI_ISL_456037	USA	2020	SARS-CoV-2	C7
321	EPI_ISL_456058	USA	2020	SARS-CoV-2	C7
322	EPI_ISL_456096	Brazil	2020	SARS-CoV-2	C7
323	EPI_ISL_456111	USA	2020	SARS-CoV-2	C7
324	EPI_ISL_456127	Colombia	2020	SARS-CoV-2	C7
325	EPI_ISL_456429	Australia	2020	SARS-CoV-2	C7
326	EPI_ISL_456465	Australia	2020	SARS-CoV-2	C7
327	EPI_ISL_456477	Australia	2020	SARS-CoV-2	C7
328	EPI_ISL_456573	Australia	2020	SARS-CoV-2	C7
329	EPI_ISL_456601	Timor-Leste	2020	SARS-CoV-2	C7
330	EPI_ISL_456607	Timor-Leste	2020	SARS-CoV-2	C7
331	EPI_ISL_456647	Australia	2020	SARS-CoV-2	C7
332	EPI_ISL_457757	USA	2020	SARS-CoV-2	C7
333	EPI_ISL_457789	USA	2020	SARS-CoV-2	C7
334	EPI_ISL_457812	USA	2020	SARS-CoV-2	C7
335	EPI_ISL_457937	Oman	2020	SARS-CoV-2	C7
336	EPI_ISL_457956	Uruguay	2020	SARS-CoV-2	C7
337	EPI_ISL_457992	Oman	2020	SARS-CoV-2	C7
338	EPI_ISL_458050	India	2020	SARS-CoV-2	C7
339	EPI_ISL_458066	India	2020	SARS-CoV-2	C7
340	EPI_ISL_458074	India	2020	SARS-CoV-2	C7
341	EPI_ISL_458141	Brazil	2020	SARS-CoV-2	C7
342	EPI_ISL_458181	Belgium	2020	SARS-CoV-2	C7
343	EPI_ISL_461498	India	2020	SARS-CoV-2	C7
344	EPI_ISL_461506	India	2020	SARS-CoV-2	C7
345	EPI_ISL_462085	Singapore	2020	SARS-CoV-2	C7
346	EPI_ISL_462204	Belgium	2020	SARS-CoV-2	C7
347	EPI_ISL_462218	Belgium	2020	SARS-CoV-2	C7
348	EPI_ISL_462241	Belgium	2020	SARS-CoV-2	C7
349	EPI_ISL_462264	Belgium	2020	SARS-CoV-2	C7
350	EPI_ISL_462265	Belgium	2020	SARS-CoV-2	C7
351	EPI_ISL_462313	Singapore	2020	SARS-CoV-2	C7
352	EPI_ISL_462363	Singapore	2020	SARS-CoV-2	C7
353	EPI_ISL_462377	Singapore	2020	SARS-CoV-2	C7
354	EPI_ISL_462394	Singapore	2020	SARS-CoV-2	C7
355	EPI_ISL_462396	Singapore	2020	SARS-CoV-2	C7
356	EPI_ISL_463007	Taiwan	2020	SARS-CoV-2	C7
357	EPI_ISL_463032	India	2020	SARS-CoV-2	C7
358	EPI_ISL_463035	India	2020	SARS-CoV-2	C7
359	EPI_ISL_463036	India	2020	SARS-CoV-2	C7
360	EPI_ISL_463071	India	2020	SARS-CoV-2	C7
361	EPI_ISL_464066	Belgium	2020	SARS-CoV-2	C7
362	EPI_ISL_464086	Belgium	2020	SARS-CoV-2	C7
363	EPI_ISL_464135	South Africa	2020	SARS-CoV-2	C7
364	EPI_ISL_464236	United Kingdom	2020	SARS-CoV-2	C7
365	EPI_ISL_464253	United Kingdom	2020	SARS-CoV-2	C7
366	EPI_ISL_464285	United Kingdom	2020	SARS-CoV-2	C7
367	EPI_ISL_464293	United Kingdom	2020	SARS-CoV-2	C7
368	EPI_ISL_464322	United Kingdom	2020	SARS-CoV-2	C7
369	EPI_ISL_464389	United Kingdom	2020	SARS-CoV-2	C7
370	EPI_ISL_464393	United Kingdom	2020	SARS-CoV-2	C7
371	EPI_ISL_464531	United Kingdom	2020	SARS-CoV-2	C7
372	EPI_ISL_464606	United Kingdom	2020	SARS-CoV-2	C7
373	EPI_ISL_464672	United Kingdom	2020	SARS-CoV-2	C7
374	EPI_ISL_464768	United Kingdom	2020	SARS-CoV-2	C7
375	EPI_ISL_464792	United Kingdom	2020	SARS-CoV-2	C7
376	EPI_ISL_464797	United Kingdom	2020	SARS-CoV-2	C7
377	EPI_ISL_464851	United Kingdom	2020	SARS-CoV-2	C7
378	EPI_ISL_464861	United Kingdom	2020	SARS-CoV-2	C7
379	EPI_ISL_464889	United Kingdom	2020	SARS-CoV-2	C7
380	EPI_ISL_464911	United Kingdom	2020	SARS-CoV-2	C7
381	EPI_ISL_464916	United Kingdom	2020	SARS-CoV-2	C7
382	EPI_ISL_464921	United Kingdom	2020	SARS-CoV-2	C7
383	EPI_ISL_464948	United Kingdom	2020	SARS-CoV-2	C7
384	EPI_ISL_464959	United Kingdom	2020	SARS-CoV-2	C7
385	EPI_ISL_464992	United Kingdom	2020	SARS-CoV-2	C7
386	EPI_ISL_465051	United Kingdom	2020	SARS-CoV-2	C7
387	EPI_ISL_465053	United Kingdom	2020	SARS-CoV-2	C7
388	EPI_ISL_465084	United Kingdom	2020	SARS-CoV-2	C7
389	EPI_ISL_465170	United Kingdom	2020	SARS-CoV-2	C7
390	EPI_ISL_465192	United Kingdom	2020	SARS-CoV-2	C7
391	EPI_ISL_465270	United Kingdom	2020	SARS-CoV-2	C7
392	EPI_ISL_465271	United Kingdom	2020	SARS-CoV-2	C7
393	EPI_ISL_465281	United Kingdom	2020	SARS-CoV-2	C7
394	EPI_ISL_465350	United Kingdom	2020	SARS-CoV-2	C7
395	EPI_ISL_465371	United Kingdom	2020	SARS-CoV-2	C7
396	EPI_ISL_465373	United Kingdom	2020	SARS-CoV-2	C7
397	EPI_ISL_465398	United Kingdom	2020	SARS-CoV-2	C7
398	EPI_ISL_465505	United Kingdom	2020	SARS-CoV-2	C7
399	EPI_ISL_465511	United Kingdom	2020	SARS-CoV-2	C7
400	EPI_ISL_465534	United Kingdom	2020	SARS-CoV-2	C7
401	EPI_ISL_465553	United Kingdom	2020	SARS-CoV-2	C7
402	EPI_ISL_465620	United Kingdom	2020	SARS-CoV-2	C7
403	EPI_ISL_465622	United Kingdom	2020	SARS-CoV-2	C7
404	EPI_ISL_465733	United Kingdom	2020	SARS-CoV-2	C7
405	EPI_ISL_465768	United Kingdom	2020	SARS-CoV-2	C7
406	EPI_ISL_465853	United Kingdom	2020	SARS-CoV-2	C7
407	EPI_ISL_465872	United Kingdom	2020	SARS-CoV-2	C7
408	EPI_ISL_465873	United Kingdom	2020	SARS-CoV-2	C7
409	EPI_ISL_465911	United Kingdom	2020	SARS-CoV-2	C7
410	EPI_ISL_466014	United Kingdom	2020	SARS-CoV-2	C7
411	EPI_ISL_466040	United Kingdom	2020	SARS-CoV-2	C7
412	EPI_ISL_466048	United Kingdom	2020	SARS-CoV-2	C7
413	EPI_ISL_466080	United Kingdom	2020	SARS-CoV-2	C7
414	EPI_ISL_466143	United Kingdom	2020	SARS-CoV-2	C7
415	EPI_ISL_466152	United Kingdom	2020	SARS-CoV-2	C7
416	EPI_ISL_466192	United Kingdom	2020	SARS-CoV-2	C7
417	EPI_ISL_466355	United Kingdom	2020	SARS-CoV-2	C7
418	EPI_ISL_466399	United Kingdom	2020	SARS-CoV-2	C7
419	EPI_ISL_466413	United Kingdom	2020	SARS-CoV-2	C7
420	EPI_ISL_467043	India	2020	SARS-CoV-2	C7
421	EPI_ISL_467100	Spain	2020	SARS-CoV-2	C7
422	EPI_ISL_467124	Spain	2020	SARS-CoV-2	C7
423	EPI_ISL_467141	Spain	2020	SARS-CoV-2	C7
424	EPI_ISL_467197	Spain	2020	SARS-CoV-2	C7
425	EPI_ISL_467211	Spain	2020	SARS-CoV-2	C7
426	EPI_ISL_467274	Spain	2020	SARS-CoV-2	C7
427	EPI_ISL_467355	Brazil	2020	SARS-CoV-2	C7
428	EPI_ISL_467397	USA	2020	SARS-CoV-2	C7
429	EPI_ISL_467398	USA	2020	SARS-CoV-2	C7
430	EPI_ISL_467443	South Africa	2020	SARS-CoV-2	C7
431	EPI_ISL_467524	South Africa	2020	SARS-CoV-2	C7
432	EPI_ISL_467822	USA	2020	SARS-CoV-2	C7
433	EPI_ISL_467841	USA	2020	SARS-CoV-2	C7
434	EPI_ISL_467892	USA	2020	SARS-CoV-2	C7
435	EPI_ISL_467894	USA	2020	SARS-CoV-2	C7
436	EPI_ISL_467898	USA	2020	SARS-CoV-2	C7
437	EPI_ISL_467920	USA	2020	SARS-CoV-2	C7
438	EPI_ISL_467923	USA	2020	SARS-CoV-2	C7
439	EPI_ISL_468084	USA	2020	SARS-CoV-2	C7
440	EPI_ISL_468117	USA	2020	SARS-CoV-2	C7
441	EPI_ISL_468588	USA	2020	SARS-CoV-2	C7
442	EPI_ISL_468803	Spain	2020	SARS-CoV-2	C7
443	EPI_ISL_468859	Spain	2020	SARS-CoV-2	C7
444	EPI_ISL_468922	Spain	2020	SARS-CoV-2	C7
445	EPI_ISL_469026	India	2020	SARS-CoV-2	C7
446	EPI_ISL_469146	Singapore	2020	SARS-CoV-2	C7
447	EPI_ISL_470604	Brazil	2020	SARS-CoV-2	C7
448	EPI_ISL_470618	Brazil	2020	SARS-CoV-2	C7
449	EPI_ISL_471418	Romania	2020	SARS-CoV-2	C7
450	EPI_ISL_471423	Romania	2020	SARS-CoV-2	C7
451	EPI_ISL_471510	United Kingdom	2020	SARS-CoV-2	C7
452	EPI_ISL_471606	India	2020	SARS-CoV-2	C7
453	EPI_ISL_471622	India	2020	SARS-CoV-2	C7
454	EPI_ISL_471623	India	2020	SARS-CoV-2	C7
455	EPI_ISL_474804	Spain	2020	SARS-CoV-2	C7
456	EPI_ISL_474811	Spain	2020	SARS-CoV-2	C7
457	EPI_ISL_474819	Spain	2020	SARS-CoV-2	C7
458	EPI_ISL_474866	Spain	2020	SARS-CoV-2	C7
459	EPI_ISL_474875	Spain	2020	SARS-CoV-2	C7
460	EPI_ISL_474894	Spain	2020	SARS-CoV-2	C7
461	EPI_ISL_474935	Spain	2020	SARS-CoV-2	C7
462	EPI_ISL_474965	Israel	2020	SARS-CoV-2	C7
463	EPI_ISL_474984	Israel	2020	SARS-CoV-2	C7
464	EPI_ISL_475023	Israel	2020	SARS-CoV-2	C7
465	EPI_ISL_475083	Bangladesh	2020	SARS-CoV-2	C7
466	EPI_ISL_475119	Sweden	2020	SARS-CoV-2	C7
467	EPI_ISL_475548	Sweden	2020	SARS-CoV-2	C7
468	EPI_ISL_475656	USA	2020	SARS-CoV-2	C7
469	EPI_ISL_475669	USA	2020	SARS-CoV-2	C7
470	EPI_ISL_475679	USA	2020	SARS-CoV-2	C7
471	EPI_ISL_475682	USA	2020	SARS-CoV-2	C7
472	EPI_ISL_475779	Austria	2020	SARS-CoV-2	C7
473	EPI_ISL_475887	Austria	2020	SARS-CoV-2	C7
474	EPI_ISL_475901	Austria	2020	SARS-CoV-2	C7
475	EPI_ISL_475912	Austria	2020	SARS-CoV-2	C7
476	EPI_ISL_475923	Austria	2020	SARS-CoV-2	C7
477	EPI_ISL_475938	Singapore	2020	SARS-CoV-2	C7
478	EPI_ISL_475966	Singapore	2020	SARS-CoV-2	C7
479	EPI_ISL_476966	Belgium	2020	SARS-CoV-2	C7
480	EPI_ISL_476991	Belgium	2020	SARS-CoV-2	C7
481	EPI_ISL_477156	Senegal	2020	SARS-CoV-2	C7
482	EPI_ISL_477193	Italy	2020	SARS-CoV-2	C7
483	EPI_ISL_477199	Italy	2020	SARS-CoV-2	C7
484	EPI_ISL_479556	India	2020	SARS-CoV-2	C7
485	EPI_ISL_479761	USA	2020	SARS-CoV-2	C7
486	EPI_ISL_480244	Turkey	2020	SARS-CoV-2	C7
487	EPI_ISL_480278	Turkey	2020	SARS-CoV-2	C7
488	EPI_ISL_480289	Turkey	2020	SARS-CoV-2	C7
489	EPI_ISL_480560	Australia	2020	SARS-CoV-2	C7
490	EPI_ISL_480659	Australia	2020	SARS-CoV-2	C7
491	EPI_ISL_480661	Australia	2020	SARS-CoV-2	C7
492	EPI_ISL_480687	Australia	2020	SARS-CoV-2	C7
493	EPI_ISL_480700	Australia	2020	SARS-CoV-2	C7
494	EPI_ISL_481000	Spain	2020	SARS-CoV-2	C7
495	EPI_ISL_481062	Spain	2020	SARS-CoV-2	C7
496	EPI_ISL_481116	India	2020	SARS-CoV-2	C7
497	EPI_ISL_481120	India	2020	SARS-CoV-2	C7
498	EPI_ISL_481198	India	2020	SARS-CoV-2	C7
499	EPI_ISL_481379	South Korea	2020	SARS-CoV-2	C7
500	EPI_ISL_481519	Finland	2020	SARS-CoV-2	C7
501	EPI_ISL_481557	Finland	2020	SARS-CoV-2	C7
502	EPI_ISL_481561	Finland	2020	SARS-CoV-2	C7
503	EPI_ISL_481562	Finland	2020	SARS-CoV-2	C7
504	EPI_ISL_481617	Finland	2020	SARS-CoV-2	C7
505	EPI_ISL_481654	Finland	2020	SARS-CoV-2	C7
506	EPI_ISL_481658	Finland	2020	SARS-CoV-2	C7
507	EPI_ISL_481661	Finland	2020	SARS-CoV-2	C7
508	EPI_ISL_481675	Finland	2020	SARS-CoV-2	C7
509	EPI_ISL_481733	Finland	2020	SARS-CoV-2	C7
510	EPI_ISL_482520	India	2020	SARS-CoV-2	C7
511	EPI_ISL_482596	India	2020	SARS-CoV-2	C7
512	EPI_ISL_482667	India	2020	SARS-CoV-2	C7
513	EPI_ISL_482774	Egypt	2020	SARS-CoV-2	C7
514	EPI_ISL_482867	South Africa	2020	SARS-CoV-2	C7
515	EPI_ISL_483142	Germany	2020	SARS-CoV-2	C7
516	EPI_ISL_483641	Bangladesh	2020	SARS-CoV-2	C7
517	EPI_ISL_483703	Bangladesh	2020	SARS-CoV-2	C7
518	EPI_ISL_483858	India	2020	SARS-CoV-2	C7
519	EPI_ISL_486408	India	2020	SARS-CoV-2	C7
520	EPI_ISL_486817	Russia	2020	SARS-CoV-2	C7
521	EPI_ISL_487310	South Africa	2020	SARS-CoV-2	C7
522	EPI_ISL_487451	Mali	2020	SARS-CoV-2	C7
523	EPI_ISL_487460	Mali	2020	SARS-CoV-2	C7
524	EPI_ISL_489989	Peru	2020	SARS-CoV-2	C7
525	EPI_ISL_490059	Singapore	2020	SARS-CoV-2	C7
526	EPI_ISL_490263	South Africa	2020	SARS-CoV-2	C7
527	EPI_ISL_490302	South Africa	2020	SARS-CoV-2	C7
528	EPI_ISL_491062	Romania	2020	SARS-CoV-2	C7
529	EPI_ISL_491157	Oman	2020	SARS-CoV-2	C7
530	EPI_ISL_491431	Peru	2020	SARS-CoV-2	C7
531	EPI_ISL_491435	Peru	2020	SARS-CoV-2	C7
532	EPI_ISL_491907	USA	2020	SARS-CoV-2	C7
533	EPI_ISL_491941	Ecuador	2020	SARS-CoV-2	C7
534	EPI_ISL_492002	Oman	2020	SARS-CoV-2	C7
535	EPI_ISL_492019	Oman	2020	SARS-CoV-2	C7
536	EPI_ISL_492039	Brazil	2020	SARS-CoV-2	C7
537	EPI_ISL_493150	China	2020	SARS-CoV-2	C7
538	EPI_ISL_493197	Italy	2020	SARS-CoV-2	C7
539	EPI_ISL_493213	Italy	2020	SARS-CoV-2	C7
540	EPI_ISL_494529	USA	2020	SARS-CoV-2	C7
541	EPI_ISL_495027	India	2020	SARS-CoV-2	C7
542	EPI_ISL_495041	India	2020	SARS-CoV-2	C7
543	EPI_ISL_495048	India	2020	SARS-CoV-2	C7
544	EPI_ISL_495212	India	2020	SARS-CoV-2	C7
545	EPI_ISL_495213	India	2020	SARS-CoV-2	C7
546	EPI_ISL_495218	India	2020	SARS-CoV-2	C7
547	EPI_ISL_495254	India	2020	SARS-CoV-2	C7
548	EPI_ISL_495263	India	2020	SARS-CoV-2	C7
549	EPI_ISL_495292	India	2020	SARS-CoV-2	C7
550	EPI_ISL_495424	Turkey	2020	SARS-CoV-2	C7
551	EPI_ISL_495541	South Africa	2020	SARS-CoV-2	C7
552	EPI_ISL_496499	Democratic Republic of the Congo	2020	SARS-CoV-2	C7
553	EPI_ISL_496503	Democratic Republic of the Congo	2020	SARS-CoV-2	C7
554	EPI_ISL_496526	India	2020	SARS-CoV-2	C7
555	EPI_ISL_496532	India	2020	SARS-CoV-2	C7
556	EPI_ISL_496536	India	2020	SARS-CoV-2	C7
557	EPI_ISL_496585	India	2020	SARS-CoV-2	C7
558	EPI_ISL_496609	Panama	2020	SARS-CoV-2	C7
559	EPI_ISL_496654	Panama	2020	SARS-CoV-2	C7
560	EPI_ISL_496688	Panama	2020	SARS-CoV-2	C7
561	EPI_ISL_496751	Panama	2020	SARS-CoV-2	C7
562	EPI_ISL_497979	South Korea	2020	SARS-CoV-2	C7
563	EPI_ISL_498090	South Africa	2020	SARS-CoV-2	C7
564	EPI_ISL_498112	South Africa	2020	SARS-CoV-2	C7
565	EPI_ISL_498166	Colombia	2020	SARS-CoV-2	C7
566	EPI_ISL_498232	Senegal	2020	SARS-CoV-2	C7
567	EPI_ISL_498579	Singapore	2020	SARS-CoV-2	C7
568	EPI_ISL_498594	Singapore	2020	SARS-CoV-2	C7
569	EPI_ISL_498601	Singapore	2020	SARS-CoV-2	C7
570	EPI_ISL_498608	Singapore	2020	SARS-CoV-2	C7
571	EPI_ISL_498785	Bangladesh	2020	SARS-CoV-2	C7
572	EPI_ISL_498933	Bangladesh	2020	SARS-CoV-2	C7
573	EPI_ISL_500311	Spain	2020	SARS-CoV-2	C7
574	EPI_ISL_500333	Spain	2020	SARS-CoV-2	C7
575	EPI_ISL_500337	Spain	2020	SARS-CoV-2	C7
576	EPI_ISL_500355	Spain	2020	SARS-CoV-2	C7
577	EPI_ISL_500367	Spain	2020	SARS-CoV-2	C7
578	EPI_ISL_500405	Spain	2020	SARS-CoV-2	C7
579	EPI_ISL_500431	Spain	2020	SARS-CoV-2	C7
580	EPI_ISL_500454	Spain	2020	SARS-CoV-2	C7
581	EPI_ISL_500624	Australia	2020	SARS-CoV-2	C7
582	EPI_ISL_500642	Australia	2020	SARS-CoV-2	C7
583	EPI_ISL_500670	Australia	2020	SARS-CoV-2	C7
584	EPI_ISL_501192	Malaysia	2020	SARS-CoV-2	C7
585	EPI_ISL_501215	Malaysia	2020	SARS-CoV-2	C7
586	EPI_ISL_501217	Malaysia	2020	SARS-CoV-2	C7
587	EPI_ISL_506955	South Korea	2020	SARS-CoV-2	C7
588	EU074218	China	NA	outgroup	C1
589	FJ588686.1	China	2006	SARS_related	C6
590	FJ755618	China	1973	outgroup	C1
591	FJ882926.1	USA	2007	SARS_related	C6
592	FJ882927.1	USA	2007	SARS_related	C6
593	FJ882928.1	USA	2007	SARS_related	C6
594	FJ882929.1	USA	2008	SARS_related	C6
595	FJ882930.1	USA	2007	SARS_related	C6
596	FJ882931.1	USA	2008	SARS_related	C6
597	FJ882932.1	USA	2008	SARS_related	C6
598	FJ882933.1	USA	2008	SARS_related	C6
599	FJ882934.1	USA	2008	SARS_related	C6
600	FJ882935.1	USA	2008	SARS_related	C6
601	FJ882936.1	USA	2008	SARS_related	C6
602	FJ882937.1	USA	2008	SARS_related	C6
603	FJ882938.1	USA	2007	SARS_related	C6
604	FJ882939.1	USA	2008	SARS_related	C6
605	FJ882940.1	USA	2008	SARS_related	C6
606	FJ882941.1	USA	2008	SARS_related	C6
607	FJ882942.1	USA	2008	SARS_related	C6
608	FJ882943.1	USA	2008	SARS_related	C6
609	FJ882944.1	USA	2008	SARS_related	C6
610	FJ882945.1	USA	2008	SARS_related	C6
611	FJ882946.1	USA	2008	SARS_related	C6
612	FJ882947.1	USA	2008	SARS_related	C6
613	FJ882948.1	USA	2008	SARS_related	C6
614	FJ882949.1	USA	2008	SARS_related	C6
615	FJ882950.1	USA	2008	SARS_related	C6
616	FJ882951.1	USA	2008	SARS_related	C6
617	FJ882952.1	USA	2008	SARS_related	C6
618	FJ882953.1	USA	2008	SARS_related	C6
619	FJ882954.1	USA	2008	SARS_related	C6
620	FJ882955.1	USA	2008	SARS_related	C6
621	FJ882956.1	USA	2008	SARS_related	C6
622	FJ882957.1	USA	2008	SARS_related	C6
623	FJ882958.1	USA	2008	SARS_related	C6
624	FJ882959.1	USA	2008	SARS_related	C6
625	FJ882960.1	USA	2008	SARS_related	C6
626	FJ882961.1	USA	2008	SARS_related	C6
627	FJ882962.1	USA	2008	SARS_related	C6
628	FJ882963.1	USA	2004	SARS_related	C6
629	GU553363.1	China	2003	SARS_related	C6
630	GU553364.1	China	2003	SARS_related	C6
631	GU553365.1	USA	2007	SARS_related	C6
632	HM776941	China	2009	outgroup	C1
633	HQ462571	China	NA	outgroup	C1
634	HQ890526.1	USA	2008	SARS_related	C6
635	HQ890527.1	USA	2008	SARS_related	C6
636	HQ890528.1	USA	2008	SARS_related	C6
637	HQ890529.1	USA	2008	SARS_related	C6
638	HQ890530.1	USA	2008	SARS_related	C6
639	HQ890531.1	USA	2008	SARS_related	C6
640	HQ890532.1	USA	2008	SARS_related	C6
641	HQ890533.1	USA	2008	SARS_related	C6
642	HQ890534.1	USA	2008	SARS_related	C6
643	HQ890535.1	USA	2008	SARS_related	C6
644	HQ890536.1	USA	2008	SARS_related	C6
645	HQ890537.1	USA	2008	SARS_related	C6
646	HQ890538.1	USA	2008	SARS_related	C6
647	HQ890539.1	USA	2008	SARS_related	C6
648	HQ890540.1	USA	2008	SARS_related	C6
649	HQ890541.1	USA	2008	SARS_related	C6
650	HQ890542.1	USA	2008	SARS_related	C6
651	HQ890543.1	USA	2008	SARS_related	C6
652	HQ890544.1	USA	2008	SARS_related	C6
653	HQ890545.1	USA	2008	SARS_related	C6
654	HQ890546.1	USA	2008	SARS_related	C6
655	JF292902.1	USA	2008	SARS_related	C6
656	JF292903.1	USA	2008	SARS_related	C6
657	JF292904.1	USA	2008	SARS_related	C6
658	JF292905.1	USA	2008	SARS_related	C6
659	JF292906.1	USA	2008	SARS_related	C6
660	JF292907.1	USA	2008	SARS_related	C6
661	JF292908.1	USA	2008	SARS_related	C6
662	JF292909.1	USA	2008	SARS_related	C6
663	JF292910.1	USA	2008	SARS_related	C6
664	JF292911.1	USA	2008	SARS_related	C6
665	JF292912.1	USA	2008	SARS_related	C6
666	JF292913.1	USA	2008	SARS_related	C6
667	JF292914.1	USA	2008	SARS_related	C6
668	JF292915.1	USA	2008	SARS_related	C6
669	JF292916.1	USA	2008	SARS_related	C6
670	JF292917.1	USA	2008	SARS_related	C6
671	JF292918.1	USA	2008	SARS_related	C6
672	JF292919.1	USA	2008	SARS_related	C6
673	JF292920.1	USA	2008	SARS_related	C6
674	JF292921.1	USA	2009	SARS_related	C6
675	JF292922.1	USA	2009	SARS_related	C6
676	JN854286.1	United Kingdom	2003	SARS_related	C6
677	JN874559	China	2006	outgroup	C2
678	JN874560	China	2007	outgroup	C2
679	JN874561	China	2007	outgroup	C2
680	JN874562	China	2007	outgroup	C2
681	JQ316196.1	United Kingdom	2003	SARS_related	C6
682	JX162087.1	USA	2009	SARS_related	C6
683	JX163923.1	USA	2010	SARS_related	C6
684	JX163924.1	USA	2010	SARS_related	C6
685	JX163925.1	USA	2010	SARS_related	C6
686	JX163926.1	USA	2010	SARS_related	C6
687	JX163927.1	USA	2010	SARS_related	C6
688	JX163928.1	USA	2010	SARS_related	C6
689	JX869059		2012	outgroup	C4
690	JX993987.1	China	2011	BAT	C6
691	JX993988.1	China	2011	BAT	C6
692	KC164505	United Kingdom	2012	outgroup	C4
693	KC667074	United Kingdom	2012	outgroup	C4
694	KC776174	Jordan	2012	outgroup	C4
695	KC869678	South Africa	2011	outgroup	C4
696	KC881005.1	China	2011	BAT	C6
697	KC881006.1	China	2012	BAT	C6
698	KC962433	China	2012	outgroup	C1
699	KF186564	Saudi Arabia	2013	MERS	C4
700	KF186565	Saudi Arabia	2013	MERS	C4
701	KF186566	Saudi Arabia	2013	MERS	C4
702	KF186567	Saudi Arabia	2013	MERS	C4
703	KF192507	United Arab Emirates	2013	MERS	C4
704	KF294457.1	China	2012	BAT	C6
705	KF367457.1	China	2012	BAT	C6
706	KF514388.1	USA	2010	SARS_related	C6
707	KF514389.1	USA	2009	SARS_related	C6
708	KF514390.1	USA	2010	SARS_related	C6
709	KF514391.1	USA	2010	SARS_related	C6
710	KF514392.1	USA	2010	SARS_related	C6
711	KF514393.1	USA	2010	SARS_related	C6
712	KF514394.1	USA	2009	SARS_related	C6
713	KF514395.1	USA	2009	SARS_related	C6
714	KF514396.1	USA	2009	SARS_related	C6
715	KF514397.1	USA	2009	SARS_related	C6
716	KF514398.1	USA	2010	SARS_related	C6
717	KF514399.1	USA	2010	SARS_related	C6
718	KF514400.1	USA	2010	SARS_related	C6
719	KF514401.1	USA	2010	SARS_related	C6
720	KF514402.1	USA	2010	SARS_related	C6
721	KF514403.1	USA	2010	SARS_related	C6
722	KF514404.1	USA	2010	SARS_related	C6
723	KF514405.1	USA	2010	SARS_related	C6
724	KF514406.1	USA	2009	SARS_related	C6
725	KF514407.1	USA	2010	SARS_related	C6
726	KF514408.1	USA	2009	SARS_related	C6
727	KF514409.1	USA	2009	SARS_related	C6
728	KF514410.1	USA	2009	SARS_related	C6
729	KF514411.1	USA	2009	SARS_related	C6
730	KF514412.1	USA	2009	SARS_related	C6
731	KF514413.1	USA	2010	SARS_related	C6
732	KF514414.1	USA	2009	SARS_related	C6
733	KF514415.1	USA	2010	SARS_related	C6
734	KF514416.1	USA	2010	SARS_related	C6
735	KF514417.1	USA	2010	SARS_related	C6
736	KF514418.1	USA	2009	SARS_related	C6
737	KF514419.1	USA	2009	SARS_related	C6
738	KF514420.1	USA	2009	SARS_related	C6
739	KF514421.1	USA	2010	SARS_related	C6
740	KF514422.1	USA	2010	SARS_related	C6
741	KF514423.1	USA	2009	SARS_related	C6
742	KF569996.1	China	2011	outgroup	C6
743	KF600612	Saudi Arabia	2012	MERS	C4
744	KF600613	Saudi Arabia	2013	MERS	C4
745	KF600620	Saudi Arabia	2012	MERS	C4
746	KF600627	Saudi Arabia	2013	MERS	C4
747	KF600628	Saudi Arabia	2013	MERS	C4
748	KF600630	Saudi Arabia	2013	MERS	C4
749	KF600632	Saudi Arabia	2013	MERS	C4
750	KF600634	Saudi Arabia	2013	MERS	C4
751	KF600644	Saudi Arabia	2013	MERS	C4
752	KF600645	Saudi Arabia	2013	MERS	C4
753	KF600647	Saudi Arabia	2013	MERS	C4
754	KF600651	Saudi Arabia	2013	MERS	C4
755	KF600652	Saudi Arabia	2012	MERS	C4
756	KF745068	France	2013	MERS	C4
757	KF917527	Saudi Arabia	2013	MERS	C4
758	KF958702	Saudi Arabia	2013	MERS	C4
759	KF961221	Qatar	2013	MERS	C4
760	KF961222	Qatar	2013	MERS	C4
761	KJ156866	Saudi Arabia	2013	MERS	C4
762	KJ156869	Saudi Arabia	2013	MERS	C4
763	KJ156874	Saudi Arabia	2013	MERS	C4
764	KJ156881	Saudi Arabia	2013	MERS	C4
765	KJ156910	Saudi Arabia	2013	MERS	C4
766	KJ156934	Saudi Arabia	2013	MERS	C4
767	KJ156944	Saudi Arabia	2013	MERS	C4
768	KJ156949	Saudi Arabia	2013	MERS	C4
769	KJ156952	Saudi Arabia	2013	MERS	C4
770	KJ361500	France	2013	MERS	C4
771	KJ361501	France	2013	MERS	C4
772	KJ361502	France	2013	MERS	C4
773	KJ361503	France	2013	MERS	C4
774	KJ473811.1	China	2012	outgroup	C6
775	KJ473812.1	China	2013	outgroup	C6
776	KJ473813.1	China	2013	outgroup	C6
777	KJ473814.1	China	2013	outgroup	C6
778	KJ473815.1	China	2013	outgroup	C6
779	KJ473816.1	China	2013	outgroup	C6
780	KJ473821	China	NA	outgroup	C4
781	KJ477102	Egypt	2013	MERS	C4
782	KJ477103	Egypt	2013	MERS	C4
783	KJ556336	Saudi Arabia	2013	MERS	C4
784	KJ614529		NA	outgroup	C4
785	KJ650098	Qatar	2014	MERS	C4
786	KJ650295	Saudi Arabia	2013	MERS	C4
787	KJ650296	Saudi Arabia	2013	MERS	C4
788	KJ650297	Saudi Arabia	2013	MERS	C4
789	KJ713295	Saudi Arabia	2013	MERS	C4
790	KJ713296	Saudi Arabia	2013	MERS	C4
791	KJ713297	Saudi Arabia	2013	MERS	C4
792	KJ713298	Saudi Arabia	2013	MERS	C4
793	KJ713299	Saudi Arabia	2013	MERS	C4
794	KJ813439	USA	2014	MERS	C4
795	KJ829365	USA	2014	MERS	C4
796	KM015348	United Kingdom	2013	MERS	C4
797	KM027255	Saudi Arabia	2014	MERS	C4
798	KM027256	Saudi Arabia	2014	MERS	C4
799	KM027257	Saudi Arabia	2014	MERS	C4
800	KM027258	Saudi Arabia	2014	MERS	C4
801	KM027259	Saudi Arabia	2014	MERS	C4
802	KM027260	Saudi Arabia	2014	MERS	C4
803	KM027261	Saudi Arabia	2014	MERS	C4
804	KM027262	Saudi Arabia	2014	MERS	C4
805	KM210277	United Kingdom	2013	MERS	C4
806	KM210278	United Kingdom	2013	MERS	C4
807	KP202848	China	2013	outgroup	C1
808	KP209306	United Arab Emirates	2014	MERS	C4
809	KP209307	United Arab Emirates	2014	MERS	C4
810	KP209308	United Arab Emirates	2014	MERS	C4
811	KP209309	United Arab Emirates	2014	MERS	C4
812	KP209310	United Arab Emirates	2014	MERS	C4
813	KP209311	United Arab Emirates	2014	MERS	C4
814	KP209312	United Arab Emirates	2013	MERS	C4
815	KP209313	United Arab Emirates	2014	MERS	C4
816	KP223131	USA	2014	MERS	C4
817	KP719927	United Arab Emirates	2014	MERS	C4
818	KP719928	United Arab Emirates	2014	MERS	C4
819	KP719929	United Arab Emirates	2014	MERS	C4
820	KP719930	United Arab Emirates	2014	MERS	C4
821	KP719931	United Arab Emirates	2014	MERS	C4
822	KP719932	United Arab Emirates	2014	MERS	C4
823	KP719933	United Arab Emirates	NA	MERS	C4
824	KP886808.1	China	2013	BAT	C6
825	KP886809.1	China	2013	BAT	C6
826	KR011263	Saudi Arabia	2015	MERS	C4
827	KR011264	Saudi Arabia	2015	MERS	C4
828	KR011265	Saudi Arabia	2015	MERS	C4
829	KR011266	Saudi Arabia	2015	MERS	C4
830	KT006149	China	2015	MERS	C4
831	KT026453	Saudi Arabia	2015	MERS	C4
832	KT026454	Saudi Arabia	2015	MERS	C4
833	KT026455	Saudi Arabia	2015	MERS	C4
834	KT026456	Saudi Arabia	2015	MERS	C4
835	KT029139	South Korea	2015	MERS	C4
836	KT121572	Saudi Arabia	2014	MERS	C4
837	KT121573	Saudi Arabia	2014	MERS	C4
838	KT121574	Saudi Arabia	2014	MERS	C4
839	KT121575	Saudi Arabia	2014	MERS	C4
840	KT121576	Saudi Arabia	2014	MERS	C4
841	KT121577	Saudi Arabia	2014	MERS	C4
842	KT121578	Saudi Arabia	2014	MERS	C4
843	KT121579	Saudi Arabia	2014	MERS	C4
844	KT121580	Saudi Arabia	2014	MERS	C4
845	KT121581	Saudi Arabia	2014	MERS	C4
846	KT156560	Oman	2013	MERS	C4
847	KT156561	Oman	2013	MERS	C4
848	KT225476	Thailand	2015	MERS	C4
849	KT326819	South Korea	2015	MERS	C4
850	KT368824	Saudi Arabia	2014	MERS	C4
851	KT368825	Saudi Arabia	2014	MERS	C4
852	KT368826	Saudi Arabia	2014	MERS	C4
853	KT368827	Saudi Arabia	2014	MERS	C4
854	KT368828	Saudi Arabia	2014	MERS	C4
855	KT368829	Saudi Arabia	2014	MERS	C4
856	KT368830	Saudi Arabia	2014	MERS	C4
857	KT368831	Saudi Arabia	2014	MERS	C4
858	KT368832	Saudi Arabia	2014	MERS	C4
859	KT368833	Saudi Arabia	2014	MERS	C4
860	KT368834	Saudi Arabia	2014	MERS	C4
861	KT368835	Saudi Arabia	2014	MERS	C4
862	KT368836	Saudi Arabia	2014	MERS	C4
863	KT368837	Saudi Arabia	2014	MERS	C4
864	KT368838	Saudi Arabia	2014	MERS	C4
865	KT368839	Saudi Arabia	2014	MERS	C4
866	KT368840	Saudi Arabia	2014	MERS	C4
867	KT368841	Saudi Arabia	2014	MERS	C4
868	KT368842	Saudi Arabia	2014	MERS	C4
869	KT368843	Saudi Arabia	2014	MERS	C4
870	KT368844	Saudi Arabia	2014	MERS	C4
871	KT368845	Saudi Arabia	2014	MERS	C4
872	KT368846	Saudi Arabia	2014	MERS	C4
873	KT368847	Saudi Arabia	2014	MERS	C4
874	KT368848	Saudi Arabia	2014	MERS	C4
875	KT368849	Saudi Arabia	2014	MERS	C4
876	KT368850	Saudi Arabia	2014	MERS	C4
877	KT368851	Saudi Arabia	2014	MERS	C4
878	KT368852	Saudi Arabia	2014	MERS	C4
879	KT368853	Saudi Arabia	2014	MERS	C4
880	KT368854	Saudi Arabia	2014	MERS	C4
881	KT368855	Saudi Arabia	2014	MERS	C4
882	KT368856	Saudi Arabia	2014	MERS	C4
883	KT368857	Saudi Arabia	2014	MERS	C4
884	KT368858	Saudi Arabia	2015	MERS	C4
885	KT368859	Saudi Arabia	2015	MERS	C4
886	KT368860	Saudi Arabia	2015	MERS	C4
887	KT368861	Saudi Arabia	2015	MERS	C4
888	KT368862	Saudi Arabia	2015	MERS	C4
889	KT368863	Saudi Arabia	2015	MERS	C4
890	KT368864	Saudi Arabia	2015	MERS	C4
891	KT368865	Saudi Arabia	2015	MERS	C4
892	KT368866	Saudi Arabia	2015	MERS	C4
893	KT368867	Saudi Arabia	2015	MERS	C4
894	KT368868	Saudi Arabia	2015	MERS	C4
895	KT368869	Saudi Arabia	2015	MERS	C4
896	KT368870	Saudi Arabia	2015	MERS	C4
897	KT368871	Saudi Arabia	2015	MERS	C4
898	KT368872	Saudi Arabia	2015	MERS	C4
899	KT368873	Saudi Arabia	2015	MERS	C4
900	KT368874	Saudi Arabia	2015	MERS	C4
901	KT368875	Saudi Arabia	2015	MERS	C4
902	KT368876	Saudi Arabia	2015	MERS	C4
903	KT368877	Saudi Arabia	2015	MERS	C4
904	KT368878	Saudi Arabia	2015	MERS	C4
905	KT368879	Saudi Arabia	2015	MERS	C4
906	KT368880	Saudi Arabia	2015	MERS	C4
907	KT368881	Saudi Arabia	2015	MERS	C4
908	KT368882	Saudi Arabia	2015	MERS	C4
909	KT368883	Saudi Arabia	2015	MERS	C4
910	KT368884	Saudi Arabia	2015	MERS	C4
911	KT368885	Saudi Arabia	2015	MERS	C4
912	KT368886	Saudi Arabia	2015	MERS	C4
913	KT368887	Saudi Arabia	2015	MERS	C4
914	KT368888	Saudi Arabia	2015	MERS	C4
915	KT368889	Saudi Arabia	2015	MERS	C4
916	KT368890	Saudi Arabia	2015	MERS	C4
917	KT368891	Saudi Arabia	2015	outgroup	C2
918	KT374050	South Korea	2015	MERS	C4
919	KT374051	South Korea	2015	MERS	C4
920	KT374052	South Korea	2015	MERS	C4
921	KT374053	South Korea	2015	MERS	C4
922	KT374054	South Korea	2015	MERS	C4
923	KT374055	South Korea	2015	MERS	C4
924	KT374056	South Korea	2015	MERS	C4
925	KT374057	South Korea	2015	MERS	C4
926	KT696544	China	2012	outgroup	C1
927	KT751244	United Arab Emirates	NA	MERS	C4
928	KT806044	Saudi Arabia	2015	MERS	C4
929	KT806045	Saudi Arabia	2015	MERS	C4
930	KT806046	Saudi Arabia	2015	MERS	C4
931	KT806047	Saudi Arabia	2015	MERS	C4
932	KT806048	Saudi Arabia	2015	MERS	C4
933	KT806049	Saudi Arabia	2015	MERS	C4
934	KT806051	Saudi Arabia	2015	MERS	C4
935	KT806052	Saudi Arabia	2015	MERS	C4
936	KT806053	Saudi Arabia	2015	MERS	C4
937	KT806054	Saudi Arabia	2015	MERS	C4
938	KT806055	Saudi Arabia	2015	MERS	C4
939	KT861627	Jordan	2014	MERS	C4
940	KT861628	Jordan	2014	MERS	C4
941	KT877350	Saudi Arabia	2014	MERS	C4
942	KT877351	Saudi Arabia	2014	MERS	C4
943	KU182964	China	2013	BAT	C6
944	KU182965	China	2012	BAT	C4
945	KU242423	United Arab Emirates	2014	MERS	C4
946	KU242424	United Arab Emirates	2014	MERS	C4
947	KU308549	South Korea	2015	MERS	C4
948	KU710264	Saudi Arabia	2014	MERS	C4
949	KU710265	Saudi Arabia	2014	MERS	C4
950	KU729220	China	2098	outgroup	C1
951	KU851859	Saudi Arabia	2015	MERS	C4
952	KU851860	Saudi Arabia	2015	MERS	C4
953	KU851861	Saudi Arabia	2015	MERS	C4
954	KU851862	Saudi Arabia	2015	MERS	C4
955	KU851863	Saudi Arabia	2015	MERS	C4
956	KU851864	Saudi Arabia	2015	MERS	C4
957	KU973692.1	China	2012	SARS_related	C6
958	KX034094	South Korea	2015	MERS	C4
959	KX034095	South Korea	2015	MERS	C4
960	KX034096	South Korea	2015	MERS	C4
961	KX034097	South Korea	2015	MERS	C4
962	KX034098	South Korea	2015	MERS	C4
963	KX034099	South Korea	2015	MERS	C4
964	KX034100	South Korea	2015	MERS	C4
965	KX083668	China	2015	outgroup	C1
966	KX108937	United Arab Emirates	2014	MERS	C4
967	KX108938	United Arab Emirates	2014	MERS	C4
968	KX108939	United Arab Emirates	2015	MERS	C4
969	KX108940	United Arab Emirates	2015	MERS	C4
970	KX108941	United Arab Emirates	2015	MERS	C4
971	KX108942	United Arab Emirates	2015	MERS	C4
972	KX108943	United Arab Emirates	2015	MERS	C4
973	KX108944	United Arab Emirates	2015	MERS	C4
974	KX108945	United Arab Emirates	2015	MERS	C4
975	KX108946	United Arab Emirates	2015	MERS	C4
976	KX154684	Saudi Arabia	2016	MERS	C4
977	KX154685	Saudi Arabia	2016	MERS	C4
978	KX154686	Saudi Arabia	2016	MERS	C4
979	KX154687	Saudi Arabia	2016	MERS	C4
980	KX154688	Saudi Arabia	2016	MERS	C4
981	KX154689	Saudi Arabia	2016	MERS	C4
982	KX154690	Saudi Arabia	2016	MERS	C4
983	KX154691	Saudi Arabia	2016	MERS	C4
984	KX154692	Saudi Arabia	2016	MERS	C4
985	KX154693	Saudi Arabia	2016	MERS	C4
986	KX154694	Saudi Arabia	2016	MERS	C4
987	KX499468	China	2015	outgroup	C1
988	KX574227	Uganda	2013	BAT	C4
989	KX900393	USA	2006	outgroup	C1
990	KX900394	USA	1988	outgroup	C1
991	KX900395	USA	2006	outgroup	C1
992	KX900396	USA	2006	outgroup	C1
993	KX900397	USA	2007	outgroup	C1
994	KX900398	USA	2007	outgroup	C1
995	KX900399	USA	2007	outgroup	C1
996	KX900400	USA	2008	outgroup	C1
997	KX900401	USA	2008	outgroup	C1
998	KX900402	Mexico	2008	outgroup	C1
999	KX900403	USA	2008	outgroup	C1
1000	KX900404	USA	2012	outgroup	C1
1001	KX900405	USA	2013	outgroup	C1
1002	KX900406	USA	2013	outgroup	C1
1003	KX900407	USA	2013	outgroup	C1
1004	KX900408	USA	2014	outgroup	C1
1005	KX900409	USA	2014	outgroup	C1
1006	KX900410	USA	2014	outgroup	C1
1007	KX900411	USA	2014	outgroup	C1
1008	KY352407.1	Kenya	2007	SARS_related	C5
1009	KY417142.1	China	2014	BAT	C6
1010	KY417143.1	China	2012	BAT	C6
1011	KY417144.1	China	2012	BAT	C6
1012	KY417145.1	China	2012	BAT	C6
1013	KY417146.1	China	2013	BAT	C6
1014	KY417147.1	China	2013	BAT	C6
1015	KY417148.1	China	2013	BAT	C6
1016	KY417149.1	China	2013	BAT	C6
1017	KY417150.1	China	2013	BAT	C6
1018	KY417151.1	China	2014	BAT	C6
1019	KY417152.1	China	2015	BAT	C6
1020	KY581684	United Arab Emirates	2013	MERS	C4
1021	KY581685	United Arab Emirates	2013	MERS	C4
1022	KY581686	United Arab Emirates	2014	MERS	C4
1023	KY581687	United Arab Emirates	2013	MERS	C4
1024	KY581688	United Arab Emirates	2014	MERS	C4
1025	KY581689	United Arab Emirates	2014	MERS	C4
1026	KY581690	United Arab Emirates	2014	MERS	C4
1027	KY581691	United Arab Emirates	2014	MERS	C4
1028	KY581692	United Arab Emirates	2014	MERS	C4
1029	KY581693	United Arab Emirates	2014	MERS	C4
1030	KY581694	United Arab Emirates	2014	MERS	C4
1031	KY581695	United Arab Emirates	2014	MERS	C4
1032	KY581696	United Arab Emirates	2014	MERS	C4
1033	KY581697	United Arab Emirates	2014	MERS	C4
1034	KY581698	United Arab Emirates	2014	MERS	C4
1035	KY581699	United Arab Emirates	2014	MERS	C4
1036	KY581700	United Arab Emirates	2014	MERS	C4
1037	KY673148	Oman	2015	MERS	C4
1038	KY673149	Oman	2015	MERS	C4
1039	KY688118	Saudi Arabia	2015	MERS	C4
1040	KY688119	Saudi Arabia	2015	MERS	C4
1041	KY688120	Saudi Arabia	2015	MERS	C4
1042	KY688121	Saudi Arabia	2015	MERS	C4
1043	KY688122	Saudi Arabia	2015	MERS	C4
1044	KY688123	Saudi Arabia	2015	MERS	C4
1045	KY688124	Saudi Arabia	2015	MERS	C4
1046	KY770851	China	2013	BAT	C1
1047	KY770858	China	2013	BAT	C6
1048	KY770859	China	2013	BAT	C6
1049	KY770860	China	2012	BAT	C6
1050	KY938558	South Korea	2016	BAT	C6
1051	LC469308	Japan	NA	BAT	C4
1052	MF000457	Jordan	2015	MERS	C4
1053	MF000458	Jordan	2015	MERS	C4
1054	MF000459	Jordan	2015	MERS	C4
1055	MF000460	Jordan	2015	MERS	C4
1056	MF593268	South Africa	2015	MERS	C4
1057	MF598594	United Arab Emirates	2015	MERS	C4
1058	MF598595	United Arab Emirates	2015	MERS	C4
1059	MF598596	United Arab Emirates	2015	MERS	C4
1060	MF598597	United Arab Emirates	2015	MERS	C4
1061	MF598598	United Arab Emirates	2015	MERS	C4
1062	MF598599	United Arab Emirates	2015	MERS	C4
1063	MF598600	United Arab Emirates	2015	MERS	C4
1064	MF598601	United Arab Emirates	2015	MERS	C4
1065	MF598602	United Arab Emirates	2015	MERS	C4
1066	MF598603	United Arab Emirates	2015	MERS	C4
1067	MF598604	United Arab Emirates	2015	MERS	C4
1068	MF598605	United Arab Emirates	2015	MERS	C4
1069	MF598606	United Arab Emirates	2015	MERS	C4
1070	MF598607	United Arab Emirates	2015	MERS	C4
1071	MF598608	United Arab Emirates	2015	MERS	C4
1072	MF598609	United Arab Emirates	2015	MERS	C4
1073	MF598610	United Arab Emirates	2015	MERS	C4
1074	MF598611	United Arab Emirates	2015	MERS	C4
1075	MF598612	United Arab Emirates	2015	MERS	C4
1076	MF598613	United Arab Emirates	2015	MERS	C4
1077	MF598614	United Arab Emirates	2015	MERS	C4
1078	MF598615	United Arab Emirates	2015	MERS	C4
1079	MF598616	United Arab Emirates	2015	MERS	C4
1080	MF598617	United Arab Emirates	2015	MERS	C4
1081	MF598618	United Arab Emirates	2015	MERS	C4
1082	MF598619	United Arab Emirates	2015	MERS	C4
1083	MF598620	United Arab Emirates	2015	MERS	C4
1084	MF598621	United Arab Emirates	2015	MERS	C4
1085	MF598622	United Arab Emirates	2015	MERS	C4
1086	MF598623	United Arab Emirates	2015	MERS	C4
1087	MF598624	United Arab Emirates	2015	MERS	C4
1088	MF598625	United Arab Emirates	2015	MERS	C4
1089	MF598626	United Arab Emirates	2015	MERS	C4
1090	MF598627	United Arab Emirates	2015	MERS	C4
1091	MF598629	United Arab Emirates	2015	MERS	C4
1092	MF598630	United Arab Emirates	2015	MERS	C4
1093	MF598631	United Arab Emirates	2015	MERS	C4
1094	MF598632	United Arab Emirates	2015	MERS	C4
1095	MF598633	United Arab Emirates	2015	MERS	C4
1096	MF598634	United Arab Emirates	2015	MERS	C4
1097	MF598635	United Arab Emirates	2015	MERS	C4
1098	MF598636	United Arab Emirates	2015	MERS	C4
1099	MF598637	United Arab Emirates	2015	MERS	C4
1100	MF598638	United Arab Emirates	2015	MERS	C4
1101	MF598639	United Arab Emirates	2015	MERS	C4
1102	MF598640	United Arab Emirates	2015	MERS	C4
1103	MF598641	United Arab Emirates	2015	MERS	C4
1104	MF598643	United Arab Emirates	2015	MERS	C4
1105	MF598644	United Arab Emirates	2015	MERS	C4
1106	MF598645	United Arab Emirates	2015	MERS	C4
1107	MF598646	United Arab Emirates	2015	MERS	C4
1108	MF598647	United Arab Emirates	2015	MERS	C4
1109	MF598648	United Arab Emirates	2015	MERS	C4
1110	MF598649	United Arab Emirates	2015	MERS	C4
1111	MF598650	United Arab Emirates	2015	MERS	C4
1112	MF598651	United Arab Emirates	2015	MERS	C4
1113	MF598652	United Arab Emirates	2015	MERS	C4
1114	MF598653	United Arab Emirates	2015	MERS	C4
1115	MF598654	United Arab Emirates	2015	MERS	C4
1116	MF598655	United Arab Emirates	2015	MERS	C4
1117	MF598656	United Arab Emirates	2015	MERS	C4
1118	MF598657	United Arab Emirates	2015	MERS	C4
1119	MF598658	United Arab Emirates	2015	MERS	C4
1120	MF598659	United Arab Emirates	2015	MERS	C4
1121	MF598660	United Arab Emirates	2015	MERS	C4
1122	MF598661	United Arab Emirates	2015	MERS	C4
1123	MF598662	United Arab Emirates	2015	MERS	C4
1124	MF598663	United Arab Emirates	2015	MERS	C4
1125	MF598664	United Arab Emirates	2015	MERS	C4
1126	MF598665	United Arab Emirates	2015	MERS	C4
1127	MF598666	United Arab Emirates	2015	MERS	C4
1128	MF598667	United Arab Emirates	2015	MERS	C4
1129	MF598668	United Arab Emirates	2015	MERS	C4
1130	MF598669	United Arab Emirates	2015	MERS	C4
1131	MF598670	United Arab Emirates	2015	MERS	C4
1132	MF598671	United Arab Emirates	2015	MERS	C4
1133	MF598672	United Arab Emirates	2015	MERS	C4
1134	MF598673	United Arab Emirates	2015	MERS	C4
1135	MF598674	United Arab Emirates	2015	MERS	C4
1136	MF598675	United Arab Emirates	2015	MERS	C4
1137	MF598676	United Arab Emirates	2015	MERS	C4
1138	MF598677	United Arab Emirates	2015	MERS	C4
1139	MF598678	United Arab Emirates	2015	MERS	C4
1140	MF598679	United Arab Emirates	2015	MERS	C4
1141	MF598680	United Arab Emirates	2015	MERS	C4
1142	MF598681	United Arab Emirates	2015	MERS	C4
1143	MF598682	United Arab Emirates	2015	MERS	C4
1144	MF598683	United Arab Emirates	2015	MERS	C4
1145	MF598684	United Arab Emirates	2015	MERS	C4
1146	MF598685	United Arab Emirates	2015	MERS	C4
1147	MF598686	United Arab Emirates	2015	MERS	C4
1148	MF598687	United Arab Emirates	2015	MERS	C4
1149	MF598688	United Arab Emirates	2015	MERS	C4
1150	MF598689	United Arab Emirates	2015	MERS	C4
1151	MF598690	United Arab Emirates	2015	MERS	C4
1152	MF598691	United Arab Emirates	2015	MERS	C4
1153	MF598692	United Arab Emirates	2015	MERS	C4
1154	MF598693	United Arab Emirates	2015	MERS	C4
1155	MF598694	United Arab Emirates	2015	MERS	C4
1156	MF598695	United Arab Emirates	2015	MERS	C4
1157	MF598696	United Arab Emirates	2015	MERS	C4
1158	MF598697	United Arab Emirates	2015	MERS	C4
1159	MF598698	United Arab Emirates	2015	MERS	C4
1160	MF598699	United Arab Emirates	2015	MERS	C4
1161	MF598700	United Arab Emirates	2015	MERS	C4
1162	MF598701	United Arab Emirates	2015	MERS	C4
1163	MF598702	United Arab Emirates	2015	MERS	C4
1164	MF598703	United Arab Emirates	2015	MERS	C4
1165	MF598704	United Arab Emirates	2015	MERS	C4
1166	MF598705	United Arab Emirates	2015	MERS	C4
1167	MF598706	United Arab Emirates	2015	MERS	C4
1168	MF598707	United Arab Emirates	2015	MERS	C4
1169	MF598708	United Arab Emirates	2015	MERS	C4
1170	MF598709	United Arab Emirates	2015	MERS	C4
1171	MF598710	United Arab Emirates	2015	MERS	C4
1172	MF598711	United Arab Emirates	2015	MERS	C4
1173	MF598712	United Arab Emirates	2015	MERS	C4
1174	MF598713	United Arab Emirates	2015	MERS	C4
1175	MF598714	United Arab Emirates	2015	MERS	C4
1176	MF598715	United Arab Emirates	2015	MERS	C4
1177	MF598716	United Arab Emirates	2015	MERS	C4
1178	MF598717	United Arab Emirates	2015	MERS	C4
1179	MF598719	United Arab Emirates	2015	MERS	C4
1180	MF598720	United Arab Emirates	2015	MERS	C4
1181	MF598721	United Arab Emirates	2015	MERS	C4
1182	MF598722	United Arab Emirates	2015	MERS	C4
1183	MG011340	Saudi Arabia	2016	MERS	C4
1184	MG011341	Saudi Arabia	2016	MERS	C4
1185	MG011342	Saudi Arabia	2016	MERS	C4
1186	MG011343	Saudi Arabia	2016	MERS	C4
1187	MG011344	Saudi Arabia	2016	MERS	C4
1188	MG011345	Saudi Arabia	2016	MERS	C4
1189	MG011346	Saudi Arabia	2016	MERS	C4
1190	MG011347	Saudi Arabia	2016	MERS	C4
1191	MG011348	Saudi Arabia	2016	MERS	C4
1192	MG011349	Saudi Arabia	2016	MERS	C4
1193	MG011350	Saudi Arabia	2016	MERS	C4
1194	MG011351	Saudi Arabia	2016	MERS	C4
1195	MG011352	Saudi Arabia	2016	MERS	C4
1196	MG011353	Saudi Arabia	2016	MERS	C4
1197	MG011354	Saudi Arabia	2016	MERS	C4
1198	MG011355	Saudi Arabia	2016	MERS	C4
1199	MG011356	Saudi Arabia	2016	MERS	C4
1200	MG011357	Saudi Arabia	2016	MERS	C4
1201	MG011358	Saudi Arabia	2016	MERS	C4
1202	MG011359	Saudi Arabia	2016	MERS	C4
1203	MG011360	Saudi Arabia	2017	MERS	C4
1204	MG011361	Saudi Arabia	2017	MERS	C4
1205	MG011362	Saudi Arabia	2016	MERS	C4
1206	MG021451	China	2013	MERS	C4
1207	MG021452	China	2014	MERS	C4
1208	MG366483	Saudi Arabia	2017	MERS	C4
1209	MG366880	Saudi Arabia	2015	MERS	C4
1210	MG366881	Saudi Arabia	2015	MERS	C4
1211	MG366882	Saudi Arabia	2015	MERS	C4
1212	MG366883	Saudi Arabia	2015	MERS	C4
1213	MG520075	Saudi Arabia	2015	MERS	C4
1214	MG520076	Saudi Arabia	2015	MERS	C4
1215	MG546330	Saudi Arabia	2015	MERS	C4
1216	MG546331	Saudi Arabia	2015	MERS	C4
1217	MG596802	Italy	2011	MERS	C4
1218	MG596803	Italy	2011	MERS	C4
1219	MG693168	Cameroon	2013	BAT	C3
1220	MG693169	Cameroon	2013	BAT	C3
1221	MG693170	Cameroon	2013	BAT	C3
1222	MG693171	Cameroon	2013	BAT	C3
1223	MG693172	Cameroon	2013	BAT	C3
1224	MG757593	Saudi Arabia	2015	MERS	C4
1225	MG757594	Saudi Arabia	2015	MERS	C4
1226	MG757595	Saudi Arabia	2015	MERS	C4
1227	MG757596	Saudi Arabia	2015	MERS	C4
1228	MG757597	Saudi Arabia	2015	MERS	C4
1229	MG757598	Saudi Arabia	2015	MERS	C4
1230	MG757599	Saudi Arabia	2015	MERS	C4
1231	MG757600	Saudi Arabia	2015	MERS	C4
1232	MG757601	Saudi Arabia	2015	MERS	C4
1233	MG757602	Saudi Arabia	2015	MERS	C4
1234	MG757603	Saudi Arabia	2015	MERS	C4
1235	MG757604	Saudi Arabia	2016	MERS	C4
1236	MG757605	Saudi Arabia	2016	MERS	C4
1237	MG772933.1	China	2017	BAT	C7
1238	MG772934.1	China	2015	BAT	C7
1239	MG912595	Saudi Arabia	2017	MERS	C4
1240	MG912596	Saudi Arabia	2017	MERS	C4
1241	MG912597	Saudi Arabia	2017	MERS	C4
1242	MG912598	Saudi Arabia	2017	MERS	C4
1243	MG912599	Saudi Arabia	2017	MERS	C4
1244	MG912600	Saudi Arabia	2017	MERS	C4
1245	MG912601	Saudi Arabia	2017	MERS	C4
1246	MG912602	Saudi Arabia	2017	MERS	C4
1247	MG912603	Saudi Arabia	2017	MERS	C4
1248	MG912604	Saudi Arabia	2017	MERS	C4
1249	MG912605	Saudi Arabia	2017	MERS	C4
1250	MG912606	Saudi Arabia	2017	MERS	C4
1251	MG912607	Saudi Arabia	2017	MERS	C4
1252	MG912608	Saudi Arabia	2017	MERS	C4
1253	MG916901	China	2012	BAT	C1
1254	MG916902	China	2012	BAT	C1
1255	MG916903	China	2013	BAT	C1
1256	MG916904	China	2013	BAT	C1
1257	MG923466	Ethiopia	2017	MERS	C4
1258	MG923467	Ethiopia	2017	MERS	C4
1259	MG923468	Ethiopia	2017	MERS	C4
1260	MG923469	Morocco	2015	MERS	C4
1261	MG923470	Burkina Faso	2015	MERS	C4
1262	MG923471	Burkina Faso	2015	MERS	C4
1263	MG923472	Nigeria	2015	MERS	C4
1264	MG923473	Burkina Faso	2015	MERS	C4
1265	MG923474	Nigeria	2016	MERS	C4
1266	MG923475	Nigeria	2016	MERS	C4
1267	MG923476	Nigeria	2016	MERS	C4
1268	MG923477	Nigeria	2016	MERS	C4
1269	MG923478	Nigeria	2016	MERS	C4
1270	MG923479	Nigeria	2016	MERS	C4
1271	MG923480	Nigeria	2016	MERS	C4
1272	MG923481	Nigeria	2016	MERS	C4
1273	MG987420	China	2013	MERS	C4
1274	MG987421	China	2014	MERS	C4
1275	MH013216	Saudi Arabia	2015	MERS	C4
1276	MH029552	Saudi Arabia	2015	MERS	C4
1277	MH259485	Saudi Arabia	2014	MERS	C4
1278	MH259486	Saudi Arabia	2014	MERS	C4
1279	MH306207	Saudi Arabia	2016	MERS	C4
1280	MH310909	Saudi Arabia	2017	MERS	C4
1281	MH310910	Saudi Arabia	2017	MERS	C4
1282	MH310911	Saudi Arabia	2017	MERS	C4
1283	MH310912	Saudi Arabia	2017	MERS	C4
1284	MH371127	Saudi Arabia	2016	MERS	C4
1285	MH395139	Saudi Arabia	2016	MERS	C4
1286	MH432120	Saudi Arabia	2017	MERS	C4
1287	MH454272	Saudi Arabia	2016	MERS	C4
1288	MH734114	Kenya	2018	MERS	C4
1289	MH734115	Kenya	2018	MERS	C4
1290	MH822886	United Kingdom	2018	MERS	C4
1291	MK039552	Jordan	2014	MERS	C4
1292	MK039553	Jordan	2014	MERS	C4
1293	MK052676	Jordan	2014	MERS	C4
1294	MK062179.1	USA	2017	SARS_related	C6
1295	MK062180.1	USA	2017	SARS_related	C6
1296	MK062181.1	USA	2017	SARS_related	C6
1297	MK062182.1	USA	2017	SARS_related	C6
1298	MK062183.1	USA	2017	SARS_related	C6
1299	MK062184.1	USA	2017	SARS_related	C6
1300	MK129253	South Korea	2018	MERS	C4
1301	MK280984	Qatar	2015	MERS	C4
1302	MK357908	Kenya	2017	MERS	C4
1303	MK357909	Kenya	2017	MERS	C4
1304	MK462243	Saudi Arabia	2017	MERS	C4
1305	MK462244	Saudi Arabia	2017	MERS	C4
1306	MK462245	Saudi Arabia	2017	MERS	C4
1307	MK462246	Saudi Arabia	2017	MERS	C4
1308	MK462247	Saudi Arabia	2018	MERS	C4
1309	MK462248	Saudi Arabia	2018	MERS	C4
1310	MK462249	Saudi Arabia	2018	MERS	C4
1311	MK462250	Saudi Arabia	2018	MERS	C4
1312	MK462251	Saudi Arabia	2018	MERS	C4
1313	MK462252	Saudi Arabia	2018	MERS	C4
1314	MK462253	Saudi Arabia	2018	MERS	C4
1315	MK462254	Saudi Arabia	2018	MERS	C4
1316	MK462255	Saudi Arabia	2018	MERS	C4
1317	MK462256	Saudi Arabia	2018	MERS	C4
1318	MK483839	Saudi Arabia	2018	MERS	C4
1319	MK492263	Singapore	2015	BAT	C3
1320	MK564474	Ethiopia	2017	MERS	C4
1321	MK564475	Ethiopia	2017	MERS	C4
1322	MK796425	South Korea	2015	MERS	C4
1323	MK967708	Egypt	2018	MERS	C4
1324	MN120513	Saudi Arabia	2019	MERS	C4
1325	MN120514	Saudi Arabia	2019	MERS	C4
1326	MN365232	Saudi Arabia	2019	MERS	C4
1327	MN365233	Saudi Arabia	2019	MERS	C4
1328	MN507638	Qatar	NA	MERS	C4
1329	MN723542	Saudi Arabia	2017	MERS	C4
1330	MN723543	Saudi Arabia	2017	MERS	C4
1331	MN723544	Saudi Arabia	2018	MERS	C4
1332	MN996532.1	China	2013	BAT	C7
1333	MT782114.1	USA	2008	BAT	C6
1334	MT782115.1	USA	2008	BAT	C6
1335	NC_017083	China	2006	outgroup	C2
1336	NC_019843		2012	MERS	C4
1337	NC_034440	Uganda	2013	BAT	C4
1338	NC_038294	United Kingdom	2012	outgroup	C4
1339	NC_038861	USA	NA	outgroup	C1
1340	NC_045512	China	2019	SARS-CoV-2	